"RelativePath","FullPath","Extension","AuthorityTier","LengthBytes","Sha256"
".github\ISSUE_TEMPLATE\automation_request.yml","G:\s43_work\s43_g11_work\.github\ISSUE_TEMPLATE\automation_request.yml",".yml","CI","1300","74dc5599e14b3aa325593498e68c3d63dda177dc2a86843e49e7f1b40114ec55"
".github\ISSUE_TEMPLATE\bug_report.yml","G:\s43_work\s43_g11_work\.github\ISSUE_TEMPLATE\bug_report.yml",".yml","CI","1392","1c386ab651ce4744e28e6dad97ca6b5c976f0b638b2543166b77e754073d8675"
".github\ISSUE_TEMPLATE\config.yml","G:\s43_work\s43_g11_work\.github\ISSUE_TEMPLATE\config.yml",".yml","CI","45","e71bea835ed1158881306294d96968f125b0b0c5eff66cd94df559336bd0b210"
".github\ISSUE_TEMPLATE\documentation_request.yml","G:\s43_work\s43_g11_work\.github\ISSUE_TEMPLATE\documentation_request.yml",".yml","CI","1038","aef2e5ab74ffcbb55da24bb5e17346ee2005d7a4d191e8d9ff9a0b5161d8a355"
".github\pull_request_template.md","G:\s43_work\s43_g11_work\.github\pull_request_template.md",".md","CI","623","92bef883271e067ae45d38d0be4d7b08e6fb8b42ac01a1aac507a753a4983598"
".github\scripts\enforce-roadmap-authority.ps1","G:\s43_work\s43_g11_work\.github\scripts\enforce-roadmap-authority.ps1",".ps1","CI","4415","e89e3289b10032052392d17d0f66ba3e39ddb761c078b4320aae22584e260886"
".github\scripts\governance-guard.ps1","G:\s43_work\s43_g11_work\.github\scripts\governance-guard.ps1",".ps1","CI","3047","66a2646f3c06c3c2d6db009ad380cffccf87e9644af8342bba06a82778e9dbfb"
".github\workflows\artifact-retention-gate.yml","G:\s43_work\s43_g11_work\.github\workflows\artifact-retention-gate.yml",".yml","CI","2634","233a48160110e57b7796b119ac8b97e737502ecd2f8b35c57cf8511eb0cee8b3"
".github\workflows\artifact-retention-scheduled-audit.yml","G:\s43_work\s43_g11_work\.github\workflows\artifact-retention-scheduled-audit.yml",".yml","CI","1430","db12c013f6ebc5b88526898d31a073557ca0c7c1c779ae9b2553af68121a59a6"
".github\workflows\autopilot-pr-create.yml","G:\s43_work\s43_g11_work\.github\workflows\autopilot-pr-create.yml",".yml","CI","3891","5b71e04042515c5ad34d1b562391a084e15de75e15eab906641cd5c7c125a99b"
".github\workflows\autopilot-roadmap.yml","G:\s43_work\s43_g11_work\.github\workflows\autopilot-roadmap.yml",".yml","CI","1039","7397218c90f030db9669b2b172a5164ca367293661a36d4f55ebc9fbdfcd9891"
".github\workflows\autopilot-safe-merge.yml","G:\s43_work\s43_g11_work\.github\workflows\autopilot-safe-merge.yml",".yml","CI","3339","578cc107f9d09b3d07962f6a9c6e29d10c3218a1a02cd03289a8350b42dc0c6d"
".github\workflows\autopilot-scheduled.yml","G:\s43_work\s43_g11_work\.github\workflows\autopilot-scheduled.yml",".yml","CI","962","ab4327017f1c6c755a0373687df0cb0faaab73601bee5bdfb8d863960c78a084"
".github\workflows\deferred-ai-artifacts-guard.yml","G:\s43_work\s43_g11_work\.github\workflows\deferred-ai-artifacts-guard.yml",".yml","CI","357","402a7e7b61fd849a25da001bebc2b6a2bef492a9148fd2c98329771aa8be5703"
".github\workflows\evidence-validation-gate.yml","G:\s43_work\s43_g11_work\.github\workflows\evidence-validation-gate.yml",".yml","CI","3677","7ec01f8049741685411174f9815869c090c96389a8f2144b5666cde8e35d4a84"
".github\workflows\global-governance-locks.yml","G:\s43_work\s43_g11_work\.github\workflows\global-governance-locks.yml",".yml","CI","845","a22fa9e0df44c09f9d1d1b1a6e1abc797b5024ce63525ebce7e66343d3e9b8a5"
".github\workflows\global-governance-locks-gate.yml","G:\s43_work\s43_g11_work\.github\workflows\global-governance-locks-gate.yml",".yml","CI","1077","6e8253c2e477d90102fc0a7e055d7f93b51aa02732583e6abbc76ae2b62b7931"
".github\workflows\governance-enforcement.yml","G:\s43_work\s43_g11_work\.github\workflows\governance-enforcement.yml",".yml","CI","1696","63eb69e0ccd6115f6cec2392b66d8665b95932e8042afabf9e5b83b46b2f296b"
".github\workflows\governance-guard.yml","G:\s43_work\s43_g11_work\.github\workflows\governance-guard.yml",".yml","CI","293","2f7ca8ed7db1a3713c332a126faf83d72ff75dd94d8563d28bcfa845fc9a6d41"
".github\workflows\hardening-tests.yml","G:\s43_work\s43_g11_work\.github\workflows\hardening-tests.yml",".yml","CI","423","c3e2e9e975da47d12d398964f2d9602d4625b1b88dc7c755e70d9e50b096d4f8"
".github\workflows\mcp03-invariants.yml","G:\s43_work\s43_g11_work\.github\workflows\mcp03-invariants.yml",".yml","CI","899","d57c1fc8f7b2ac8897a1ca58795222aa0c84935ca7925d1ebd618baac0dd6ad4"
".github\workflows\operational-roadmap.yml","G:\s43_work\s43_g11_work\.github\workflows\operational-roadmap.yml",".yml","CI","594","749fb89dcfc4583f50b35a3d30bbb008d05cbde3acd86366b04840ac8f7c928c"
".github\workflows\operational-roadmap-enforcement.yml","G:\s43_work\s43_g11_work\.github\workflows\operational-roadmap-enforcement.yml",".yml","CI","457","55cf36c7a5cf15bc5a0872943ae9b506173ca739c8685c7ffdfcb5897162e047"
".github\workflows\operational-roadmap-smoke-test.yml","G:\s43_work\s43_g11_work\.github\workflows\operational-roadmap-smoke-test.yml",".yml","CI","350","e726775ce19f327863aecfedf58b76366a2982eb96616186d467581c91151ed1"
".github\workflows\policy-smokes.yml","G:\s43_work\s43_g11_work\.github\workflows\policy-smokes.yml",".yml","CI","309","4b4f6dee7cf4d4be9545691975488f6328b97ef2785eabafbaaa81acfc310171"
".github\workflows\pr-hygiene.yml","G:\s43_work\s43_g11_work\.github\workflows\pr-hygiene.yml",".yml","CI","468","c6d2cc75fc688d786cf1e9913da09a2a69254ecfa5b91d150a10c57ecc31ed12"
".github\workflows\project-constitution-gate.yml","G:\s43_work\s43_g11_work\.github\workflows\project-constitution-gate.yml",".yml","CI","717","e8a9f27d28b336b841dd5c2e588a15678c02ac91882176a0183a1bd9a75e89fb"
".github\workflows\readiness-final-audit.yml","G:\s43_work\s43_g11_work\.github\workflows\readiness-final-audit.yml",".yml","CI","2367","5571a56416ab4a66f3894ecbd203c699149fcce583fa94c395c6945df17cf835"
".github\workflows\release-governance-gate.yml","G:\s43_work\s43_g11_work\.github\workflows\release-governance-gate.yml",".yml","CI","1063","98184d6743aacb210a279e751e1a15b0cf7425929129aaf9d7bbc57d4143a827"
".github\workflows\release-readiness.yml","G:\s43_work\s43_g11_work\.github\workflows\release-readiness.yml",".yml","CI","364","222ac33db43902585ae8fca97dd8a93b8aff294b6acd9061f46ced0a17a8a623"
".github\workflows\repo-governance-hardening-gate.yml","G:\s43_work\s43_g11_work\.github\workflows\repo-governance-hardening-gate.yml",".yml","CI","759","9ad19fac22d7888272ea5f9099f1f9583f19fb0ac086f8e7bd6fd405b45323e7"
".github\workflows\repository-truth-gate.yml","G:\s43_work\s43_g11_work\.github\workflows\repository-truth-gate.yml",".yml","CI","383","ca5f89f6caefea4135e32b05e544ea2947981ca4d2cf255445860d528af24dc0"
".github\workflows\roadmap-governance-gate.yml","G:\s43_work\s43_g11_work\.github\workflows\roadmap-governance-gate.yml",".yml","CI","1033","4f32210bd4305d6ad62a5d705dcdc4f01ec456d67d36e34d72f0c512718a922f"
".github\workflows\roadmap-integrity.yml","G:\s43_work\s43_g11_work\.github\workflows\roadmap-integrity.yml",".yml","CI","1108","8cd5c8854d70001b189fe6a3969e617d60714962e93b7a22f328e975483ca3ae"
".github\workflows\safe-merge-baseline.yml","G:\s43_work\s43_g11_work\.github\workflows\safe-merge-baseline.yml",".yml","CI","1442","db611c6f04843811287674b465248ab04a9f8724a8e8ea27bf6fff0f01a3cb20"
"docs\governance\AI_HANDOFF.md","G:\s43_work\s43_g11_work\docs\governance\AI_HANDOFF.md",".md","GOVERNANCE_DOC","373","d86e5936cb1eed97e5111c722bf705129ddca807374fd96e3cefa0ad0ee68573"
"docs\governance\AI_HANDOFF_LOCKS.md","G:\s43_work\s43_g11_work\docs\governance\AI_HANDOFF_LOCKS.md",".md","GOVERNANCE_DOC","615","3d75c162a282941299eb185c5682a60c39583c32527dfcf24d599320948ccc2b"
"docs\governance\ARCHIVE-DECISION-NOTE-OPTION-A.md","G:\s43_work\s43_g11_work\docs\governance\ARCHIVE-DECISION-NOTE-OPTION-A.md",".md","GOVERNANCE_DOC","647","89b743616df525a6cf0d94a629d5bf61b8801470c2697e9fb310984dc0899b86"
"docs\governance\ARTIFACT_RETENTION_POLICY.md","G:\s43_work\s43_g11_work\docs\governance\ARTIFACT_RETENTION_POLICY.md",".md","GOVERNANCE_DOC","619","3262021e7c819544f5e434f8ce4900de00a4d44917f6f581c4fbb31a6f9d7da7"
"docs\governance\AUDIT_READINESS_ACTION_PLAN.md","G:\s43_work\s43_g11_work\docs\governance\AUDIT_READINESS_ACTION_PLAN.md",".md","GOVERNANCE_DOC","590","42b254e533707e05fcc017761b8ea7d9057eb7a207fc5892a4f5d981ff2918f0"
"docs\governance\AUTONOMOUS_FAILURE_HANDLING_RUNBOOK.md","G:\s43_work\s43_g11_work\docs\governance\AUTONOMOUS_FAILURE_HANDLING_RUNBOOK.md",".md","GOVERNANCE_DOC","4445","3257e4eb3253c6829f39fc6874e0278c09163acf4dc83a118e3782322618cf47"
"docs\governance\AUTONOMOUS_FOLLOWUP_CHECKLIST.md","G:\s43_work\s43_g11_work\docs\governance\AUTONOMOUS_FOLLOWUP_CHECKLIST.md",".md","GOVERNANCE_DOC","2530","9cfdd2d9efb76990c7fd6749de19297c3e4d22e0a80b2c5fc74a648be6e380ae"
"docs\governance\AUTONOMOUS_GOVERNANCE_OPERATIONS_INDEX.md","G:\s43_work\s43_g11_work\docs\governance\AUTONOMOUS_GOVERNANCE_OPERATIONS_INDEX.md",".md","GOVERNANCE_DOC","6511","4be5647953445b0ad5e51e0acf6ba3e4ec153926e9598e86fba926b890db82cb"
"docs\governance\AUTONOMOUS_MERGE_SAFETY_CHECKLIST.md","G:\s43_work\s43_g11_work\docs\governance\AUTONOMOUS_MERGE_SAFETY_CHECKLIST.md",".md","GOVERNANCE_DOC","11638","3e09a2314e6bb140a90f1451a7f71aa8ceddb6bca33d5aa8005930df02dc5b52"
"docs\governance\AUTONOMOUS_RECOVERY_AND_ROLLBACK_RUNBOOK.md","G:\s43_work\s43_g11_work\docs\governance\AUTONOMOUS_RECOVERY_AND_ROLLBACK_RUNBOOK.md",".md","GOVERNANCE_DOC","7458","420760f6a2592428c3df2a16b6831aadf8957e1e91512015345da09bd2f2a4b9"
"docs\governance\AUTONOMY_MODEL.md","G:\s43_work\s43_g11_work\docs\governance\AUTONOMY_MODEL.md",".md","GOVERNANCE_DOC","1357","e3356534de5137622cd70e43838852da420cb5ed69f455847e0168af8b9489f3"
"docs\governance\BASELINE_DRIFT_POLICY.md","G:\s43_work\s43_g11_work\docs\governance\BASELINE_DRIFT_POLICY.md",".md","GOVERNANCE_DOC","617","64d6a00acd209e8e469e8db86f34ae4baf1dbab6588d02806cafc09ff9f8ec3d"
"docs\governance\CANONICAL_ROADMAP_DECLARATION.md","G:\s43_work\s43_g11_work\docs\governance\CANONICAL_ROADMAP_DECLARATION.md",".md","GOVERNANCE_DOC","1633","175a6ed67345922fe9f90e7509a4f7c583f1c8aebb1a714d4c2daacdc0a13cbe"
"docs\governance\COMMERCIAL_READINESS_STATE.json","G:\s43_work\s43_g11_work\docs\governance\COMMERCIAL_READINESS_STATE.json",".json","GOVERNANCE_DOC","466","49760d30d2560cf439d0b813d59a85a334ea843455d282ccc16b5d65d891108c"
"docs\governance\COMPATIBILITY_CONTRACT.md","G:\s43_work\s43_g11_work\docs\governance\COMPATIBILITY_CONTRACT.md",".md","GOVERNANCE_DOC","2007","b3ff11d897f2195fd8db4ba4a25ff88440dc5e379204f0a2900049c6b8df03b5"
"docs\governance\CONCURRENCY_AND_ATOMICITY_POLICY.md","G:\s43_work\s43_g11_work\docs\governance\CONCURRENCY_AND_ATOMICITY_POLICY.md",".md","GOVERNANCE_DOC","632","ecb975cb115ed256bccd0eb92fe2016b95a9efc9fae4b78fcd997d41ab05766c"
"docs\governance\CURRENT_PROJECT_BASELINE.md","G:\s43_work\s43_g11_work\docs\governance\CURRENT_PROJECT_BASELINE.md",".md","GOVERNANCE_DOC","241","a6b677f5686305b549923b56ae89e2a8670d8f1531ede52aabea0ba589e71131"
"docs\governance\DECISION_LOG.md","G:\s43_work\s43_g11_work\docs\governance\DECISION_LOG.md",".md","GOVERNANCE_DOC","1682","a85dd5839dbf443d9f6ba7c9f5153056cc8e1378b18b183f55f26d31ec907e75"
"docs\governance\DECISION_MATRIX.json","G:\s43_work\s43_g11_work\docs\governance\DECISION_MATRIX.json",".json","GOVERNANCE_DOC","2668","4b71fb5d1d15955b601bde776b1c79c0c378a0cdda1131be2923a6c7c82bd800"
"docs\governance\DECISION_MATRIX.md","G:\s43_work\s43_g11_work\docs\governance\DECISION_MATRIX.md",".md","GOVERNANCE_DOC","229","72b2325b2bd694881f577db5eb91e7c9b3cb87ab3ec4611bc70aeef2e4a9d77b"
"docs\governance\DEPRECATION_RESISTANCE.md","G:\s43_work\s43_g11_work\docs\governance\DEPRECATION_RESISTANCE.md",".md","GOVERNANCE_DOC","306","08aa82d768da0901ff663162a7942abfbedbde54852c856d1812f484f8dcf1d2"
"docs\governance\DISASTER_RECOVERY_PORTABILITY.md","G:\s43_work\s43_g11_work\docs\governance\DISASTER_RECOVERY_PORTABILITY.md",".md","GOVERNANCE_DOC","674","418f57c064c368070e0dc117f172f7bf43be96ae197c8445bf2bc23cfd9070a4"
"docs\governance\DURABILITY_STANDARD.md","G:\s43_work\s43_g11_work\docs\governance\DURABILITY_STANDARD.md",".md","GOVERNANCE_DOC","1249","9205c1eb3fae5d540b801432158263a6d92b38b7345281c7bfad056c48abae2b"
"docs\governance\ENCODING_AND_PORTABILITY_POLICY.md","G:\s43_work\s43_g11_work\docs\governance\ENCODING_AND_PORTABILITY_POLICY.md",".md","GOVERNANCE_DOC","611","efba7b7db49ecc58273ac6307e92a1a90057c196d048b3a4163a838dc05cfcc3"
"docs\governance\EVIDENCE_LEDGER_POLICY.md","G:\s43_work\s43_g11_work\docs\governance\EVIDENCE_LEDGER_POLICY.md",".md","GOVERNANCE_DOC","568","21c2eb7fcce153ed337d3f9edee8ccc912527c03f718cee414674996b1727e97"
"docs\governance\EXECUTIVE_DECISION_LOG.md","G:\s43_work\s43_g11_work\docs\governance\EXECUTIVE_DECISION_LOG.md",".md","GOVERNANCE_DOC","627","d3e128983ce5c341ec6bcbd8e9b35e1527d70d1f06bcc29af4d29081ad0d1cb0"
"docs\governance\FINAL-COORDINATION-OPTION-A-CONTROLLED-BLOCKED.md","G:\s43_work\s43_g11_work\docs\governance\FINAL-COORDINATION-OPTION-A-CONTROLLED-BLOCKED.md",".md","GOVERNANCE_DOC","2017","1570fa500c268540a8a94fbecdf4d35e1e59bf5940dc1332c03e6d406b659c9d"
"docs\governance\FINANCIAL_RISK_CHANGE_CONTROL.md","G:\s43_work\s43_g11_work\docs\governance\FINANCIAL_RISK_CHANGE_CONTROL.md",".md","GOVERNANCE_DOC","632","d9888b0bfeb22305e02d7fd12debdf237c72540872177cb83905499bc3ef1c87"
"docs\governance\gate-audit-log.txt","G:\s43_work\s43_g11_work\docs\governance\gate-audit-log.txt",".txt","GOVERNANCE_DOC","1220","2828e83234444c793052669d0bdfc3cd472227816a791eea24d876c002128ab1"
"docs\governance\GLOBAL_GOVERNANCE_LOCKS.md","G:\s43_work\s43_g11_work\docs\governance\GLOBAL_GOVERNANCE_LOCKS.md",".md","GOVERNANCE_DOC","4247","066ad428dda6ae4672ca883ed6fc07c91c665fd3f38d66159655d30e1537919c"
"docs\governance\global-governance-locks.json","G:\s43_work\s43_g11_work\docs\governance\global-governance-locks.json",".json","GOVERNANCE_DOC","41607","e406897380bfeb01db2ae4b8175e01f6fa45b78e7e715ef1bc65644f7ae9c802"
"docs\governance\global-governance-locks.md","G:\s43_work\s43_g11_work\docs\governance\global-governance-locks.md",".md","GOVERNANCE_DOC","2678","4510130ed68aeaab213749c117885a64236c930e7423ee6a030302cf5ca501f0"
"docs\governance\global-governance-locks.schema.json","G:\s43_work\s43_g11_work\docs\governance\global-governance-locks.schema.json",".json","GOVERNANCE_DOC","2576","5121cfea80ba81da73ff7af11bdf5081405e384bd9fdbc4ec448dc4532907c68"
"docs\governance\GOAL_CONSTITUTION.md","G:\s43_work\s43_g11_work\docs\governance\GOAL_CONSTITUTION.md",".md","GOVERNANCE_DOC","2870","350ec1c04dcda08a601f103435044edb3b1ef5a1765ae46635c7d68b89bb8225"
"docs\governance\governance_assurance_pack.md","G:\s43_work\s43_g11_work\docs\governance\governance_assurance_pack.md",".md","GOVERNANCE_DOC","1456","5ad6e1b2a444ca75bddf7b16efd5a3561632d7c1475042c559bf29f4bba20d70"
"docs\governance\GOVERNANCE_BASELINE.md","G:\s43_work\s43_g11_work\docs\governance\GOVERNANCE_BASELINE.md",".md","GOVERNANCE_DOC","911","705a728aac044dd0cb37d2224598fd15ecdd0eade96a312f8f110052e660a697"
"docs\governance\GOVERNANCE_CHANGE_CONTROL.md","G:\s43_work\s43_g11_work\docs\governance\GOVERNANCE_CHANGE_CONTROL.md",".md","GOVERNANCE_DOC","585","ccde256a250edb6f62a3d989bee7291cc50df3285c0a295ea29ef974c4d4691c"
"docs\governance\GOVERNANCE_DOCUMENTS_MANIFEST.json","G:\s43_work\s43_g11_work\docs\governance\GOVERNANCE_DOCUMENTS_MANIFEST.json",".json","GOVERNANCE_DOC","362","63e7087d0a6012b20124a10db6b872bbab4ada74366a95b89acd8900905837b5"
"docs\governance\GOVERNANCE_DOCUMENTS_MANIFEST.md","G:\s43_work\s43_g11_work\docs\governance\GOVERNANCE_DOCUMENTS_MANIFEST.md",".md","GOVERNANCE_DOC","3123","2439ed9ee69c246f3ef7e25bd6e4504e3277f37616b5a1b6002d5b69a7bc257d"
"docs\governance\GOVERNANCE_LOCK_INDEX.md","G:\s43_work\s43_g11_work\docs\governance\GOVERNANCE_LOCK_INDEX.md",".md","GOVERNANCE_DOC","646","1604c2f8a8b150e890c0dfa3e95d4232c798297adea939eb0ab311dd6ba05c63"
"docs\governance\HANDOFF_MCP03.md","G:\s43_work\s43_g11_work\docs\governance\HANDOFF_MCP03.md",".md","GOVERNANCE_DOC","9020","5e04fdd375a67c03b39f3b806df3fbb5755b3d8f2b486202b224529aebdd5c11"
"docs\governance\HANDOFF-OPTION-A-STATE-20260728-053728.md","G:\s43_work\s43_g11_work\docs\governance\HANDOFF-OPTION-A-STATE-20260728-053728.md",".md","GOVERNANCE_DOC","1466","71e5fcec7aa3aab4edcb114fb8d4917325d9f4f8719e48bde256214dc663ceb9"
"docs\governance\LOCK_REGISTRY.json","G:\s43_work\s43_g11_work\docs\governance\LOCK_REGISTRY.json",".json","GOVERNANCE_DOC","4066","09d15476977eaa68ff21c8442e729ca739972958bdeb36402d8a7f05d0d55d94"
"docs\governance\LOCK_SCHEMA.json","G:\s43_work\s43_g11_work\docs\governance\LOCK_SCHEMA.json",".json","GOVERNANCE_DOC","1850","25026e02adb6cb6c257d9c64674f2c3cdbfe97773ec9e6b117621e3df13a0a44"
"docs\governance\MCP_03_CORRECTNESS_ENVELOPE.md","G:\s43_work\s43_g11_work\docs\governance\MCP_03_CORRECTNESS_ENVELOPE.md",".md","GOVERNANCE_DOC","650","a300d40b7951f50479a6754fc00ec91188828dec738b9c799a473fecea1b6c7d"
"docs\governance\MCP_03_INVARIANTS.md","G:\s43_work\s43_g11_work\docs\governance\MCP_03_INVARIANTS.md",".md","GOVERNANCE_DOC","912","3b4f88e8d960e24453599f3c425ef0f19eb83eec39986b26c22e3a4b5a08a11a"
"docs\governance\mcp-02-domain-selection-rubric.md","G:\s43_work\s43_g11_work\docs\governance\mcp-02-domain-selection-rubric.md",".md","GOVERNANCE_DOC","7474","44d1f86d086310193ec84ee4f7005d3a686679e94bb316c9853bcafc2deb42aa"
"docs\governance\MCP03_INVARIANTS.md","G:\s43_work\s43_g11_work\docs\governance\MCP03_INVARIANTS.md",".md","GOVERNANCE_DOC","2268","5aa0908be7610e0e3cf683a794278a21bd220d3de9ab0801d7145f2f5d39bc29"
"docs\governance\POLICY_MATRIX.md","G:\s43_work\s43_g11_work\docs\governance\POLICY_MATRIX.md",".md","GOVERNANCE_DOC","2664","72993ee4753a0cd3269a30e86c3c9aa84a616a594fbc5b9ac3037cd579d0d382"
"docs\governance\PROJECT_OPERATING_DOCTRINE.md","G:\s43_work\s43_g11_work\docs\governance\PROJECT_OPERATING_DOCTRINE.md",".md","GOVERNANCE_DOC","4460","fe90bae5bc739a7d04a6e3a478a7e5fb4261ed24aedf2298b93ffa745bcbf4fc"
"docs\governance\PROJECT_UNITY_AUDIT.md","G:\s43_work\s43_g11_work\docs\governance\PROJECT_UNITY_AUDIT.md",".md","GOVERNANCE_DOC","1093","8f89a860693d7cbe36c2b969026d6d08583ef997d15c2016aea91e18ee2ef22a"
"docs\governance\PROJECT_UNITY_REGISTER.md","G:\s43_work\s43_g11_work\docs\governance\PROJECT_UNITY_REGISTER.md",".md","GOVERNANCE_DOC","2305","a026756216f37bb379303fd2412faca4fbc952b6f705bf3bbd43f32942ff02ab"
"docs\governance\pr-safe-merge-policy.md","G:\s43_work\s43_g11_work\docs\governance\pr-safe-merge-policy.md",".md","GOVERNANCE_DOC","1553","c5d7829f15a4034df4a10be94861aba6ace0cc47df831f340c9b07e3b023802f"
"docs\governance\PR-UPDATE-OPTION-A-CONTROLLED-BLOCKED.md","G:\s43_work\s43_g11_work\docs\governance\PR-UPDATE-OPTION-A-CONTROLLED-BLOCKED.md",".md","GOVERNANCE_DOC","1577","832954cebdc25cc1784de9513942d439b1b8b96c816ce5dc1448cc044629589c"
"docs\governance\RELEASE_EVIDENCE_POLICY.md","G:\s43_work\s43_g11_work\docs\governance\RELEASE_EVIDENCE_POLICY.md",".md","GOVERNANCE_DOC","621","609c86679bbe0275a26e64187af669ae5b2ab8bdae20ab14b0a42f4e8573e18b"
"docs\governance\REPOSITORY_TRUTH.md","G:\s43_work\s43_g11_work\docs\governance\REPOSITORY_TRUTH.md",".md","GOVERNANCE_DOC","2172","57b516843190725c5c1326fd29f693e0cebc93479cfa2d1e8f787a9b4d763550"
"docs\governance\ROADMAP_CANONICAL.md","G:\s43_work\s43_g11_work\docs\governance\ROADMAP_CANONICAL.md",".md","CANONICAL_HUMAN_ROADMAP","1986","78ba526bbc2b534790b78bcdc9822faedf132aaf7b2abda9ea0f2706e31dd612"
"docs\governance\ROADMAP_CONSTITUTION.md","G:\s43_work\s43_g11_work\docs\governance\ROADMAP_CONSTITUTION.md",".md","GOVERNANCE_DOC","410","12aedaae4c88ac2aa074e47567f4b84fd844886859a07d815d9d295db20196fb"
"docs\governance\ROADMAP_CURRENT.json","G:\s43_work\s43_g11_work\docs\governance\ROADMAP_CURRENT.json",".json","CANONICAL_MACHINE_ROADMAP","96801","58bfb0b6b3325f0db253b1928e5d98ad8cc7470b3e6ee825456e4debcdc6dbc5"
"docs\governance\ROADMAP_CURRENT.json.RETIRED.txt","G:\s43_work\s43_g11_work\docs\governance\ROADMAP_CURRENT.json.RETIRED.txt",".txt","GOVERNANCE_DOC","172","19eae2f75c19695bc9c9bd8d4740b4a95d865e988517c2c9979887fcd112a040"
"docs\governance\ROADMAP_MANIFEST.json","G:\s43_work\s43_g11_work\docs\governance\ROADMAP_MANIFEST.json",".json","GOVERNANCE_DOC","753","3caf63485a17743d48ad28c30ebb4f9f762f06c48a617f5886b4e9e1ae319ec7"
"docs\governance\ROADMAP_STEWARDSHIP_50Y.md","G:\s43_work\s43_g11_work\docs\governance\ROADMAP_STEWARDSHIP_50Y.md",".md","GOVERNANCE_DOC","435","1312dda8490ca9da6f37ce0de7ee01bae86a9f8357123384c831536bafe6cb06"
"docs\governance\RUNBOOK-OPTION-A-RESTORE-20260728-051917.md","G:\s43_work\s43_g11_work\docs\governance\RUNBOOK-OPTION-A-RESTORE-20260728-051917.md",".md","GOVERNANCE_DOC","938","c81ac8987b793d5272a744198bdf883780cb4ab9bd09760cfdc36773d0044362"
"docs\governance\safe-merge-required-check-registration.md","G:\s43_work\s43_g11_work\docs\governance\safe-merge-required-check-registration.md",".md","GOVERNANCE_DOC","1079","d2a4ca8a2447e21617a5a18119cec6558486a5ee6f62abb8e31c988601f2cf55"
"docs\governance\SOURCE_OF_TRUTH_HIERARCHY.md","G:\s43_work\s43_g11_work\docs\governance\SOURCE_OF_TRUTH_HIERARCHY.md",".md","GOVERNANCE_DOC","2242","5f22689d86b216e4f7a5ba979ce3d81c90aa41f231330335b59e194573dcd2e5"
"docs\governance\SOURCE_OF_TRUTH_POLICY.md","G:\s43_work\s43_g11_work\docs\governance\SOURCE_OF_TRUTH_POLICY.md",".md","GOVERNANCE_DOC","626","381bd194d26a635dc2109e8d65a3a104440aa0a2b9b558120ae28b5eb636978f"
"docs\governance\SUPPLY_CHAIN_POLICY.md","G:\s43_work\s43_g11_work\docs\governance\SUPPLY_CHAIN_POLICY.md",".md","GOVERNANCE_DOC","623","3eb199d60ac4176bc02338503a93d45e1683bff7af5bc86256fd88e13d899970"
"docs\governance\WORK_PROTOCOL.md","G:\s43_work\s43_g11_work\docs\governance\WORK_PROTOCOL.md",".md","GOVERNANCE_DOC","1909","dbea744cfa3cb3aa760c5b29805aa009eb89fe2ae4a9a69858166b52d6b182a4"
"scripts\_mcp03-env.ps1","G:\s43_work\s43_g11_work\scripts\_mcp03-env.ps1",".ps1","SCRIPT_SUPPORT","1203","67922895cc7f44b9f2d1a8fb42808bedecae064d4cdc098c44e515d7855fa423"
"scripts\atomic_roadmap_writer.py","G:\s43_work\s43_g11_work\scripts\atomic_roadmap_writer.py",".py","SCRIPT_SUPPORT","3912","f09f67fb8fd67213c60f20d4db1e12a96fbcc7e9e753b61ed5844a921692b60c"
"scripts\build-mcp03-evidence.ps1","G:\s43_work\s43_g11_work\scripts\build-mcp03-evidence.ps1",".ps1","SCRIPT_SUPPORT","1261","94b26de5da296ce885db822838b70e07a3d010e7897b102ab3008346f8aa2a5d"
"scripts\calibrate_genesis.py","G:\s43_work\s43_g11_work\scripts\calibrate_genesis.py",".py","SCRIPT_SUPPORT","2321","6f5a41d40c40211345251ef33d7e5dcb90a2da0c990f2da5080ad3d0ddae8bb1"
"scripts\check_evidence_gate.py","G:\s43_work\s43_g11_work\scripts\check_evidence_gate.py",".py","SCRIPT_SUPPORT","1120","5d4a41938a7358b430758e748e3033097f9664be43a1134c1a42ad6e2a587e04"
"scripts\close-partials-governance.ps1","G:\s43_work\s43_g11_work\scripts\close-partials-governance.ps1",".ps1","SCRIPT_SUPPORT","11642","b5f3126ac104dc18eb6d37d39734ba3ea9c8ded9fe1b27d38fc34da1abba76cd"
"scripts\collect-roadmap-runtime-evidence.ps1","G:\s43_work\s43_g11_work\scripts\collect-roadmap-runtime-evidence.ps1",".ps1","SCRIPT_SUPPORT","8178","a368ba311fc6bf2028239fa31edeeb673c2524dd0294b98aa89d5f1998f5966f"
"scripts\finalize-governance-cleanup.ps1","G:\s43_work\s43_g11_work\scripts\finalize-governance-cleanup.ps1",".ps1","SCRIPT_SUPPORT","9766","e31b29cb593f172033cab95e093c05fdcc60a1ff2223949e3d738f7500fcde2c"
"scripts\publish-readiness-pr.ps1","G:\s43_work\s43_g11_work\scripts\publish-readiness-pr.ps1",".ps1","SCRIPT_SUPPORT","8413","6388d00d0aaba5679ffc36633045e1c513b556f0cea8246f2fbc5e5b825ca008"
"scripts\reject-roadmap-shadow-authorities.ps1","G:\s43_work\s43_g11_work\scripts\reject-roadmap-shadow-authorities.ps1",".ps1","SCRIPT_SUPPORT","571","4fc566ba6f363458c95b447b5d2fb3c9e16415cda3d432c11af431ec54bd4d78"
"scripts\repair-roadmap-authority.ps1","G:\s43_work\s43_g11_work\scripts\repair-roadmap-authority.ps1",".ps1","SCRIPT_SUPPORT","13684","09a15996cf70e9405576cfa63244fbb93282698c288b5259fe5bd3c7c8f6d4b2"
"scripts\repo-status-audit.ps1","G:\s43_work\s43_g11_work\scripts\repo-status-audit.ps1",".ps1","SCRIPT_SUPPORT","17915","232b0210991665c90aa24e651e725342616a3c273fbf6dcb52258a9e298835d4"
"scripts\resolve_next_action.py","G:\s43_work\s43_g11_work\scripts\resolve_next_action.py",".py","CORE_RUNTIME_RESOLVER","11920","04ec1e7a5bdb25d15657e0ba9140201a1473c436488e15ad6eaef5e6049ccf0e"
"scripts\roadmap_generator.py","G:\s43_work\s43_g11_work\scripts\roadmap_generator.py",".py","SCRIPT_SUPPORT","3187","ecbb14694bd2357a451970b32d0cae43d530d4a4c62cfe1f6e85d4e28182e849"
"scripts\roadmap_guard.py","G:\s43_work\s43_g11_work\scripts\roadmap_guard.py",".py","CORE_GUARD","3521","d1e452f461b87132ee1a45a87d018a6d7a4a85d846f1dd69e5eed7ed3b403e27"
"scripts\run-final-readiness-audit.ps1","G:\s43_work\s43_g11_work\scripts\run-final-readiness-audit.ps1",".ps1","SCRIPT_SUPPORT","6067","2bc2415b236eefa7b46bb709c20c920bcca9d0223728ae812b024e9325167877"
"scripts\run-formal-smoke.ps1","G:\s43_work\s43_g11_work\scripts\run-formal-smoke.ps1",".ps1","SCRIPT_SUPPORT","913","93a8a22a47d6228b85d7592cd5b9930eed34a8539b6e16d4009126d0e9b56b4f"
"scripts\run-property-tests.ps1","G:\s43_work\s43_g11_work\scripts\run-property-tests.ps1",".ps1","SCRIPT_SUPPORT","375","f6d6128d9b6ac6adf7d31119ccb3229fa42241e7ada966113b5bf22cf61278e3"
"scripts\run-replay-smoke.ps1","G:\s43_work\s43_g11_work\scripts\run-replay-smoke.ps1",".ps1","SCRIPT_SUPPORT","919","1739825d9242818ae60e420b449773f1995d943625fed93a1f0c237fc61688f9"
"scripts\run-roadmap-authority-gate.ps1","G:\s43_work\s43_g11_work\scripts\run-roadmap-authority-gate.ps1",".ps1","SCRIPT_SUPPORT","381","d6c75eaf1f080f164dfca675b99128e1c1f0dee2581a1f56c0d450ef5b35bcbf"
"scripts\run-static-analysis.ps1","G:\s43_work\s43_g11_work\scripts\run-static-analysis.ps1",".ps1","SCRIPT_SUPPORT","776","6acd970b706f16c717f47d15d767edf600c1200599ffe0d2e8c69a973dab23be"
"scripts\Test-Durability.ps1","G:\s43_work\s43_g11_work\scripts\Test-Durability.ps1",".ps1","SCRIPT_SUPPORT","1833","30fd5b42a242b5da1864ab44816509c0b301abd5afc2e04e0484d307c03dba42"
"scripts\Test-EncodingPolicy.ps1","G:\s43_work\s43_g11_work\scripts\Test-EncodingPolicy.ps1",".ps1","SCRIPT_SUPPORT","4081","1aa15bae240ad4d4bf37c71f21cb0a8bacdf56dce72f340157b1baeca24e8abd"
"scripts\Test-RepoHygiene.ps1","G:\s43_work\s43_g11_work\scripts\Test-RepoHygiene.ps1",".ps1","SCRIPT_SUPPORT","834","414f689b3016774f73d17ef2b931f6e1e6b722bbfb75439724f049b8eef772af"
"scripts\test-roadmap.ps1","G:\s43_work\s43_g11_work\scripts\test-roadmap.ps1",".ps1","SCRIPT_SUPPORT","28324","72f8cd959279494fcff8ccf1a7ff775365e1b917de9e93d220a9aefb5c9065fd"
"scripts\update-roadmap.ps1","G:\s43_work\s43_g11_work\scripts\update-roadmap.ps1",".ps1","SCRIPT_SUPPORT","24826","e337470ef363021ba22143101dead311e4e6bde42b6ab35157038aa0ffd0fc9b"
"scripts\validate_mcp03_invariants.py","G:\s43_work\s43_g11_work\scripts\validate_mcp03_invariants.py",".py","SCRIPT_SUPPORT","3042","c39e9359e5382f1bb85ef20ba72aca7831aef019929db24ab09e0c6e98d503dd"
"scripts\validate-roadmap.ps1","G:\s43_work\s43_g11_work\scripts\validate-roadmap.ps1",".ps1","SCRIPT_SUPPORT","7521","6aa0f9fc6453737e532cb1c1d5b4b5697c50fd498bcb23cb55a1e99882f1d4e6"
"scripts\validate-roadmap-authority.ps1","G:\s43_work\s43_g11_work\scripts\validate-roadmap-authority.ps1",".ps1","SCRIPT_SUPPORT","2056","bbd2d1e047b8b7ecf48b6cea385e149733157f0154b6a65c38116721aa67d6fb"
"scripts\verify_audit_chain.py","G:\s43_work\s43_g11_work\scripts\verify_audit_chain.py",".py","SCRIPT_SUPPORT","3108","6a2a2de20138b7dc475b12646c9a9f48e9ebf990f0ece2c9b8519c63d220c129"
"scripts\verify-governance-closeout.ps1","G:\s43_work\s43_g11_work\scripts\verify-governance-closeout.ps1",".ps1","SCRIPT_SUPPORT","6656","6cda4508bfe9fefb35c2780fd62b7751678fd0eddcb75d0d90bd3528cd8e3581"
"scripts\verify-readiness-pr.ps1","G:\s43_work\s43_g11_work\scripts\verify-readiness-pr.ps1",".ps1","SCRIPT_SUPPORT","8233","86905d9a3b86a3e184071d695e6b6ca2068d9f5257f9710e26e87ada512237be"
"scripts\verify-roadmap-smoke.ps1","G:\s43_work\s43_g11_work\scripts\verify-roadmap-smoke.ps1",".ps1","SCRIPT_SUPPORT","3170","07c0205a505b86c015bb43201d7d60ddfbffe60624a35338c41d175397698f1a"
"scripts\Write-AtomicJson.ps1","G:\s43_work\s43_g11_work\scripts\Write-AtomicJson.ps1",".ps1","SCRIPT_SUPPORT","3024","25cb798d79ada2c6e37e615c639be19c833baa55bc221e945b9dc1cd0d7bf28f"
"scripts\Write-Journal.ps1","G:\s43_work\s43_g11_work\scripts\Write-Journal.ps1",".ps1","SCRIPT_SUPPORT","3704","1488ad52e84203c94657e3c08bdff66837111b95b05f052824a9fbd1ec0f8836"
"tests\__init__.py","G:\s43_work\s43_g11_work\tests\__init__.py",".py","TEST","0","e3b0c44298fc1c149afbf4c8996fb92427ae41e4649b934ca495991b7852b855"
"tests\powershell\test-write-atomic-json.ps1","G:\s43_work\s43_g11_work\tests\powershell\test-write-atomic-json.ps1",".ps1","TEST","6092","a147dc810c245704b63849fa860d4f55d6481338e6c165ffc63093448480c31c"
"tests\powershell\test-write-journal.ps1","G:\s43_work\s43_g11_work\tests\powershell\test-write-journal.ps1",".ps1","TEST","3519","3d9ea12d9296c1c814cf0cd4b6dba5b4637d373474e721ef50c8efb80bb6b9be"
"tests\property\__init__.py","G:\s43_work\s43_g11_work\tests\property\__init__.py",".py","TEST","0","e3b0c44298fc1c149afbf4c8996fb92427ae41e4649b934ca495991b7852b855"
"tests\property\strategies.py","G:\s43_work\s43_g11_work\tests\property\strategies.py",".py","TEST","604","cff3ea8177448311ce4baaf40fff6c2a83763eb04748301ecd72758e43aa6530"
"tests\property\test_position_invariants.py","G:\s43_work\s43_g11_work\tests\property\test_position_invariants.py",".py","TEST","712","d0c50a89a501d8ae49dcab90df6b451479d877289432dfd0e5ffa64fc58cd472"
"tests\property\test_replay_determinism.py","G:\s43_work\s43_g11_work\tests\property\test_replay_determinism.py",".py","TEST","478","b831287f611211022d7a3fc9d815448c937e73b013a48e6bd5d77e557f0d8668"
"tests\replay\test_golden_replay.py","G:\s43_work\s43_g11_work\tests\replay\test_golden_replay.py",".py","TEST","558","090e38369e4c7feae45887f6b25907518a6b66abbcc570c6833bb22bb0006992"
"tests\test_artifact_evidence_ledger.py","G:\s43_work\s43_g11_work\tests\test_artifact_evidence_ledger.py",".py","TEST","871","448bc217e30bb975a0aa8e6b70546cd21005af81cab5da13b912aacc9bb4edf9"
"tests\test_artifact_retention.py","G:\s43_work\s43_g11_work\tests\test_artifact_retention.py",".py","TEST","1947","c7c678c28f7346217fc27cd4afd8950c0f651cb01372344ebd746fc89162bdd6"
"tests\test_artifact_retention_ci_gate.py","G:\s43_work\s43_g11_work\tests\test_artifact_retention_ci_gate.py",".py","TEST","2264","5d971218ae0dded62e304feb7b775d00b9c4dbb8bf9ac0c83fdc3166fa8a05a0"
"tests\test_artifact_retention_negative.py","G:\s43_work\s43_g11_work\tests\test_artifact_retention_negative.py",".py","TEST","7870","1b8c8a9b5ca3e30035f5ae06f990019fbdb83ca368d11d7d15747f57e8c7bd3a"
"tests\test_artifact_retention_scheduled_audit.py","G:\s43_work\s43_g11_work\tests\test_artifact_retention_scheduled_audit.py",".py","TEST","3559","c73e412fbb3e31e9734d9c83c89f2aff68077e373d48b35c975911cc85678a35"
"tests\test_asoctl.py","G:\s43_work\s43_g11_work\tests\test_asoctl.py",".py","TEST","1498","1f11b10994db9b3928a625b40ac814d0b1770ab93b378f3b7f499c836a18042e"
"tests\test_asoctl_evidence_validate.py","G:\s43_work\s43_g11_work\tests\test_asoctl_evidence_validate.py",".py","TEST","823","147b2522caf35da38db0281b013341613297fce590cf00cb8d09b75602f06df2"
"tests\test_auto_pilot.py","G:\s43_work\s43_g11_work\tests\test_auto_pilot.py",".py","TEST","2473","646b117915d261390eac9a90a1e04de94ffad64e316caa3e3a5560bd34b4ad20"
"tests\test_autonomous_governance_operations_index.py","G:\s43_work\s43_g11_work\tests\test_autonomous_governance_operations_index.py",".py","TEST","2176","6037645f3e7ef5b3aa16b2a46d31ce7202f152274265291210f69d1a595e5e02"
"tests\test_autopilot_status.py","G:\s43_work\s43_g11_work\tests\test_autopilot_status.py",".py","TEST","4393","c8a25b50a40f60108af43dd9db99c254e8336818cc0a5e92036c347605d1e6c0"
"tests\test_business_positioning_contract.py","G:\s43_work\s43_g11_work\tests\test_business_positioning_contract.py",".py","TEST","1925","c03ae2b408d07130e1e04c36b64e434a1b98c89fdafec345276f1bbbcc4ee7cb"
"tests\test_commercial_authority_matrix_contract.py","G:\s43_work\s43_g11_work\tests\test_commercial_authority_matrix_contract.py",".py","TEST","2972","56795416dcc38d508f2169cf0b8f4dbde9b78e37215e89aa1b15098acd0d215d"
"tests\test_commercial_controls_enforcement_pack_contract.py","G:\s43_work\s43_g11_work\tests\test_commercial_controls_enforcement_pack_contract.py",".py","TEST","2175","096776f9802049670fc9e1e911c2d9e36dd2c87c1816dc76f63fb1c45b79a9eb"
"tests\test_commercial_sovereignty_revenue_protection_doctrine_contract.py","G:\s43_work\s43_g11_work\tests\test_commercial_sovereignty_revenue_protection_doctrine_contract.py",".py","TEST","2384","439245782ba1e930652d9c21693d7b438f2f221ffe494cdb672c812e8d8adfe5"
"tests\test_evidence_contract_guard.py","G:\s43_work\s43_g11_work\tests\test_evidence_contract_guard.py",".py","TEST","2172","9c8c371d3f8cc019ea01913be63649e2dc1196ffe7ca284b595be5534cb44aec"
"tests\test_evidence_integration.py","G:\s43_work\s43_g11_work\tests\test_evidence_integration.py",".py","TEST","2009","1d33699a8bcaec4f56db2630001e03bf3f08583a00682bb3ce44caec101e206f"
"tests\test_evidence_record_schema.py","G:\s43_work\s43_g11_work\tests\test_evidence_record_schema.py",".py","TEST","2422","d3b47b5db4825d944f9f4d9b2a148a76f9b1f117e4e0f0ae9643880f0e4f8196"
"tests\test_evidence_signer.py","G:\s43_work\s43_g11_work\tests\test_evidence_signer.py",".py","TEST","1370","92fb95e9d57d9ed31ed140c94899ae12fb5598c9351c0d3300231a724384503b"
"tests\test_evidence_writer.py","G:\s43_work\s43_g11_work\tests\test_evidence_writer.py",".py","TEST","1796","7b606c1496a0266bcfddf3292a5e15a4c844bbc2a87d692b2a7e1a28608ae24d"
"tests\test_global_commercial_hardening_addendum_contract.py","G:\s43_work\s43_g11_work\tests\test_global_commercial_hardening_addendum_contract.py",".py","TEST","1515","ca8ae5569a210d4e76dd64ccb5b84ec2712efc9020ecd8c4e2900966a7271b61"
"tests\test_global_commercial_resilience_framework_contract.py","G:\s43_work\s43_g11_work\tests\test_global_commercial_resilience_framework_contract.py",".py","TEST","1833","f3aaa4464af607557e9875d85f142a6f5b764d324bb47f7ae0c0e585e9adfba9"
"tests\test_global_governance_locks.py","G:\s43_work\s43_g11_work\tests\test_global_governance_locks.py",".py","TEST","2777","1bce598f8292dc676fe18f2181e205bcdc0a19bd4b05879f1c61efb6a3c68c68"
"tests\test_governance_32_canonical.py","G:\s43_work\s43_g11_work\tests\test_governance_32_canonical.py",".py","TEST","944","e7031fe9765fe38ea3dfb987bb639fa4495048a2112fd55e2e36fb11cf3b2485"
"tests\test_governance_bootstrap.py","G:\s43_work\s43_g11_work\tests\test_governance_bootstrap.py",".py","TEST","2564","d14150ce19431395c9c8c7b21aed004bad16324b0d7b2b51c3b1ff570ad2bba4"
"tests\test_governance_control_plane_contract.py","G:\s43_work\s43_g11_work\tests\test_governance_control_plane_contract.py",".py","TEST","2285","3925161e74429d6428349e3786959cb984499245ea762fba33868cca643dac2a"
"tests\test_governance_decision_contract.py","G:\s43_work\s43_g11_work\tests\test_governance_decision_contract.py",".py","TEST","1830","04930f86c3e1bb2dc8dd73272a32655bb7710be126193cf35dacc443ec3f6326"
"tests\test_governance_documents_manifest.py","G:\s43_work\s43_g11_work\tests\test_governance_documents_manifest.py",".py","TEST","1810","75dc56c4c00951b62aa6661596e0b25a1500dc0f61d6f19c50964aee457b657c"
"tests\test_governance_hardening_pack.py","G:\s43_work\s43_g11_work\tests\test_governance_hardening_pack.py",".py","TEST","1364","42f954c849f887ef26468919c32e1f49f788d22b7081565e3f58e43169d1a565"
"tests\test_ingestor_smoke.py","G:\s43_work\s43_g11_work\tests\test_ingestor_smoke.py",".py","TEST","1462","1fe18979bb2a521aa51798a873a10799c702019465cbd2ca5669b3ec9978f5a0"
"tests\test_p33_validator.py","G:\s43_work\s43_g11_work\tests\test_p33_validator.py",".py","TEST","2929","f9e0c063484b2a7aab7b7660d642bcb7036bf57560cabd34b99437edaf5e3684"
"tests\test_p34_ledger.py","G:\s43_work\s43_g11_work\tests\test_p34_ledger.py",".py","TEST","2403","126be6d8d19e267b156e124fafe49f520b4c25cbba67a0c232330f132b767903"
"tests\test_p35_commercial_positioning.py","G:\s43_work\s43_g11_work\tests\test_p35_commercial_positioning.py",".py","TEST","2091","2abc46f0530af9c5aa350e6df6be0bc567a4248109de0d4bb23526c688f9f8e2"
"tests\test_p36_ledger_signing.py","G:\s43_work\s43_g11_work\tests\test_p36_ledger_signing.py",".py","TEST","1196","f0da2e8c85dc928a17bcf2b6aad12c1456b727bc6a55e8cc50aa257f3768b9c2"
"tests\test_project_constitution_pack.py","G:\s43_work\s43_g11_work\tests\test_project_constitution_pack.py",".py","TEST","2742","7403b13ac1ff2bbf3d807fc94bbdde25ba466a8f072d61926815209db7c16e3a"
"tests\test_provenance_attestation.py","G:\s43_work\s43_g11_work\tests\test_provenance_attestation.py",".py","TEST","1896","6c5565e36e8162423e0b445cdcafb6ee4772978ee7fff911b9ee92a281d661ad"
"tests\test_provenance_attestation_negative.py","G:\s43_work\s43_g11_work\tests\test_provenance_attestation_negative.py",".py","TEST","8105","9e8daf45b8d10c8dfbab109736ed9d7d9263e81e03bb0c627f8fb17977513ed9"
"tests\test_readme_governance_entrypoint.py","G:\s43_work\s43_g11_work\tests\test_readme_governance_entrypoint.py",".py","TEST","475","435ba50bed23c8fe5e20f8a0abee1287ea2b794637266cacef50a43efda5a68e"
"tests\test_release_attestation.py","G:\s43_work\s43_g11_work\tests\test_release_attestation.py",".py","TEST","1158","3ab40326415a6d9eca01752ac51f76672dc42d7593b8412e734ecf230e16f04e"
"tests\test_release_attestation_negative.py","G:\s43_work\s43_g11_work\tests\test_release_attestation_negative.py",".py","TEST","2367","94f9cbf3c6dcf24ac35c51e93ca3ae4a8d85caef6521934ba652599e41fbfec3"
"tests\test_release_audit_trail.py","G:\s43_work\s43_g11_work\tests\test_release_audit_trail.py",".py","TEST","1064","f8e53218d83929555c155bc2486d3a1f59473cd830a2db088b40ab2f8fa3c836"
"tests\test_release_audit_trail_negative.py","G:\s43_work\s43_g11_work\tests\test_release_audit_trail_negative.py",".py","TEST","1675","0f57af2439b1257dda909cb02ef9e734815315e39b4c1b4f915d1270d9869389"
"tests\test_release_evidence_bundle.py","G:\s43_work\s43_g11_work\tests\test_release_evidence_bundle.py",".py","TEST","1194","5a164f8ee5e0463c0555c459f6ec1ef4df1da8368792638ac5501ccbebff3001"
"tests\test_release_evidence_bundle_negative.py","G:\s43_work\s43_g11_work\tests\test_release_evidence_bundle_negative.py",".py","TEST","2899","5947c40e4da4e4533b819a37e9519f4f20e7cd736f3f4d38104760c6fe5e645a"
"tests\test_release_governance_ci_gate.py","G:\s43_work\s43_g11_work\tests\test_release_governance_ci_gate.py",".py","TEST","833","9f843dfa92d8075deeee19694e5411f3432dfdd593afeafd701bc19fda25d75b"
"tests\test_release_governance_docs.py","G:\s43_work\s43_g11_work\tests\test_release_governance_docs.py",".py","TEST","1764","8a304d5be68846e0277c8072eadd17eec50397a123dea16f89121684b1c11736"
"tests\test_release_governance_enforcement.py","G:\s43_work\s43_g11_work\tests\test_release_governance_enforcement.py",".py","TEST","1146","af6e2ba7812a29549f46df5ae2934cd5ae987181ca734bad6c8dc6a94860feaf"
"tests\test_resolve_next_action.py","G:\s43_work\s43_g11_work\tests\test_resolve_next_action.py",".py","TEST","3173","dfccb8c0626f68e6f41b041887ecf29cbbb94fdd99e3f768d619be7d319c94e3"
"tests\test_risk_guard_dry_run.py","G:\s43_work\s43_g11_work\tests\test_risk_guard_dry_run.py",".py","TEST","1371","faa7db6f4978425bbe5dd38c93484161e63924e941197f6aee2b6d0392f1f2d5"
"tests\test_risk_guard_input_validation.py","G:\s43_work\s43_g11_work\tests\test_risk_guard_input_validation.py",".py","TEST","1019","7ee72d35ff71fa92ec95e4458c1bff2be72b1e9ef9bb6f9d414246ccaddf8717"
"tests\test_risk_guard_observer.py","G:\s43_work\s43_g11_work\tests\test_risk_guard_observer.py",".py","TEST","1200","16b2a82100e1d85eeaa4d883fc2a83beae4f9b86d6a010377c0c7a3d3be7b5b8"
"tests\test_risk_guard_rules.py","G:\s43_work\s43_g11_work\tests\test_risk_guard_rules.py",".py","TEST","1719","189b47b2bcaa2f6f09b6561c6a702b6fce9577cfc6fa7be7d8d5a7d669bb0f82"
"tests\test_risk_guard_validation.py","G:\s43_work\s43_g11_work\tests\test_risk_guard_validation.py",".py","TEST","1482","347854dbaf50407c13ef338379f73dfbee4683d86f9796a24a2896ed3d17dd50"
"tests\test_roadmap_governance.py","G:\s43_work\s43_g11_work\tests\test_roadmap_governance.py",".py","TEST","2376","55532758c45ed5f732076bfea097f29bf9d3b6d766cf0c292a5e328b2947368e"
"tests\test_roadmap_integrity.py","G:\s43_work\s43_g11_work\tests\test_roadmap_integrity.py",".py","TEST","784","7fba88c8887ed1a8fb2781199f07b5f0d543df7b613dfa0e4e2accc75ea021f8"
"tests\test_root_evidence_record_schema.py","G:\s43_work\s43_g11_work\tests\test_root_evidence_record_schema.py",".py","TEST","2228","f2d7f51867fc1477d90eed657cb787908a178df06d68efaf0e78375ec1859257"
"tests\test_sbom.py","G:\s43_work\s43_g11_work\tests\test_sbom.py",".py","TEST","2457","de7e45e4d218ebba41c00fe0dc96046afb08c5275490079225c72e6358fcfb0e"
"tests\test_sbom_negative.py","G:\s43_work\s43_g11_work\tests\test_sbom_negative.py",".py","TEST","4765","0b9ba916510d82ace3a4fd1ae214eee3a46462ae4c7a2dee6423e3cb6ec41ba2"
"tests\test_strategic_control_plane_contract.py","G:\s43_work\s43_g11_work\tests\test_strategic_control_plane_contract.py",".py","TEST","3748","232be86533f5316c4243fd046a021c0d2601a549c3dd0aa92603a24a47d17be1"
"tests\test_supply_chain_integrity.py","G:\s43_work\s43_g11_work\tests\test_supply_chain_integrity.py",".py","TEST","1308","8ab030caed42e43b817ffd609a860dce28c0ce2d91cc2f2fe53b7216514f66d1"
"tests\test_supply_chain_integrity_negative.py","G:\s43_work\s43_g11_work\tests\test_supply_chain_integrity_negative.py",".py","TEST","4671","f70cdd1b22125484c6430ac0f3809d037d7c8f3bfaa29c158fc4ec744839f15f"
"tests\test_top_level_commercial_doctrine_contract.py","G:\s43_work\s43_g11_work\tests\test_top_level_commercial_doctrine_contract.py",".py","TEST","2089","27d608a55dc0d9332145b80ddfe6b07d0d8ba8f893c1e80dc45dc77d34cf6467"
"tests\unit\test_risk.py","G:\s43_work\s43_g11_work\tests\unit\test_risk.py",".py","TEST","791","35460bc3ececb1181ec2549ac9d2631b9041f4c74e4d380e6ea8ac721358f52e"
"tests\unit\test_transitions.py","G:\s43_work\s43_g11_work\tests\unit\test_transitions.py",".py","TEST","1268","e629083aa9a08d01399eb71b60552ca9d9eb0fbae94bd615b07789b030bbac87"
"tools\governance\roadmap_truth_check.py","G:\s43_work\s43_g11_work\tools\governance\roadmap_truth_check.py",".py","GOVERNANCE_VALIDATOR","1052","5ae35db6fa174add73bd1cba96ea0ed422b3bdd5e97f78ceb1cb8c6db73d7fb2"
"tools\governance\validate_roadmap_authority.py","G:\s43_work\s43_g11_work\tools\governance\validate_roadmap_authority.py",".py","GOVERNANCE_VALIDATOR","5708","dd34f95a47fe8a599ba54871b337317e4ea7d3d05e89ad6e7e43add601220458"
