"Token","AuthorityTier","RelativePath","LineNumber","Line"
"CONTROLLED_BLOCKED","GOVERNANCE_DOC","docs\governance\FINAL-COORDINATION-OPTION-A-CONTROLLED-BLOCKED.md","13","- control_state: CONTROLLED_BLOCKED"
"CONTROLLED_BLOCKED","GOVERNANCE_DOC","docs\governance\FINAL-COORDINATION-OPTION-A-CONTROLLED-BLOCKED.md","52","- Repository remains CONTROLLED_BLOCKED."
"CONTROLLED_BLOCKED","GOVERNANCE_DOC","docs\governance\HANDOFF-OPTION-A-STATE-20260728-053728.md","12","- control_state: CONTROLLED_BLOCKED"
"CONTROLLED_BLOCKED","GOVERNANCE_DOC","docs\governance\PR-UPDATE-OPTION-A-CONTROLLED-BLOCKED.md","15","- Repository remains in CONTROLLED_BLOCKED state."
"CONTROLLED_BLOCKED","GOVERNANCE_DOC","docs\governance\PR-UPDATE-OPTION-A-CONTROLLED-BLOCKED.md","23","- control_state: CONTROLLED_BLOCKED"
"CONTROLLED_BLOCKED","SCRIPT_SUPPORT","scripts\collect-roadmap-runtime-evidence.ps1","121","$terms = @(""HOLD"",""HOLD_ACTIVE"",""CONTROLLED_BLOCKED"",""CONTRACT_MISMATCH"",""BLOCKED"",""forbidden_actions"",""allowed_actions"",""unblock"",""exit_criteria"",""stale"",""authority"",""shadow authority"",""NEXT_ACTION"",""STATUS_CLASSIFICATION"",""ROADMAP_CURRENT"",""COMMERCIAL_READINESS_STATE"")"
"CONTRACT_MISMATCH","GOVERNANCE_DOC","docs\governance\FINAL-COORDINATION-OPTION-A-CONTROLLED-BLOCKED.md","14","- blocking_factor: CONTRACT_MISMATCH"
"CONTRACT_MISMATCH","GOVERNANCE_DOC","docs\governance\FINAL-COORDINATION-OPTION-A-CONTROLLED-BLOCKED.md","43","- Functional continuation is blocked until CONTRACT_MISMATCH is resolved and governance authorization is renewed."
"CONTRACT_MISMATCH","GOVERNANCE_DOC","docs\governance\FINAL-COORDINATION-OPTION-A-CONTROLLED-BLOCKED.md","53","- Blocking condition remains CONTRACT_MISMATCH."
"CONTRACT_MISMATCH","GOVERNANCE_DOC","docs\governance\HANDOFF-OPTION-A-STATE-20260728-053728.md","15","- block_reason: CONTRACT_MISMATCH"
"CONTRACT_MISMATCH","GOVERNANCE_DOC","docs\governance\PR-UPDATE-OPTION-A-CONTROLLED-BLOCKED.md","16","- Blocking condition remains CONTRACT_MISMATCH."
"CONTRACT_MISMATCH","GOVERNANCE_DOC","docs\governance\PR-UPDATE-OPTION-A-CONTROLLED-BLOCKED.md","24","- block_reason: CONTRACT_MISMATCH"
"CONTRACT_MISMATCH","SCRIPT_SUPPORT","scripts\collect-roadmap-runtime-evidence.ps1","121","$terms = @(""HOLD"",""HOLD_ACTIVE"",""CONTROLLED_BLOCKED"",""CONTRACT_MISMATCH"",""BLOCKED"",""forbidden_actions"",""allowed_actions"",""unblock"",""exit_criteria"",""stale"",""authority"",""shadow authority"",""NEXT_ACTION"",""STATUS_CLASSIFICATION"",""ROADMAP_CURRENT"",""COMMERCIAL_READINESS_STATE"")"
"ALLOWED_PHASE_STATUS","CORE_GUARD","scripts\roadmap_guard.py","53","ALLOWED_PHASE_STATUS = {"
"ALLOWED_PHASE_STATUS","CORE_GUARD","scripts\roadmap_guard.py","84","if status is not None and status not in ALLOWED_PHASE_STATUS:"
"ROADMAP_CURRENT","CI",".github\scripts\enforce-roadmap-authority.ps1","44","'docs[\\/]governance[\\/]ROADMAP_CURRENT\.json'"
"ROADMAP_CURRENT","CI",".github\scripts\enforce-roadmap-authority.ps1","45","'repo_root\s*/\s*[""'']docs[""'']\s*/\s*[""'']governance[""'']\s*/\s*[""'']ROADMAP_CURRENT\.json[""'']'"
"ROADMAP_CURRENT","CI",".github\scripts\enforce-roadmap-authority.ps1","49","'Join-Path\s+[^`r`n]+[""''](?:AUDIT[\\/])?ROADMAP_CURRENT\.json[""'']',"
"ROADMAP_CURRENT","CI",".github\scripts\enforce-roadmap-authority.ps1","50","'Test-Path\s+[""''](?:AUDIT[\\/])?ROADMAP_CURRENT\.json[""'']',"
"ROADMAP_CURRENT","CI",".github\scripts\enforce-roadmap-authority.ps1","51","'ReadAllBytes\(\s*[""''](?:AUDIT[\\/])?ROADMAP_CURRENT\.json[""'']\s*\)',"
"ROADMAP_CURRENT","CI",".github\scripts\enforce-roadmap-authority.ps1","52","'Get-Content\s+[^`r`n]*[""''](?:AUDIT[\\/])?ROADMAP_CURRENT\.json[""'']',"
"ROADMAP_CURRENT","CI",".github\scripts\enforce-roadmap-authority.ps1","53","'Set-Content\s+[^`r`n]*[""''](?:AUDIT[\\/])?ROADMAP_CURRENT\.json[""'']',"
"ROADMAP_CURRENT","CI",".github\scripts\enforce-roadmap-authority.ps1","54","'WriteAllText\(\s*[^`r`n]*[""''](?:AUDIT[\\/])?ROADMAP_CURRENT\.json[""'']',"
"ROADMAP_CURRENT","CI",".github\scripts\enforce-roadmap-authority.ps1","55","'open\(\s*[""''](?:AUDIT[\\/])?ROADMAP_CURRENT\.json[""'']',"
"ROADMAP_CURRENT","CI",".github\scripts\enforce-roadmap-authority.ps1","56","'repo_root\s*\/\s*[""''](?:AUDIT[\\/])?ROADMAP_CURRENT\.json[""'']',"
"ROADMAP_CURRENT","CI",".github\scripts\enforce-roadmap-authority.ps1","57","'Path\(\s*[""''](?:AUDIT[\\/])?ROADMAP_CURRENT\.json[""'']\s*\)',"
"ROADMAP_CURRENT","CI",".github\scripts\enforce-roadmap-authority.ps1","58","'[""''][^""'']*(?:AUDIT[\\/])?ROADMAP_CURRENT\.json[""'']'"
"ROADMAP_CURRENT","CI",".github\scripts\enforce-roadmap-authority.ps1","110","if ($Line -notmatch 'ROADMAP_CURRENT\.json') {"
"ROADMAP_CURRENT","CI",".github\scripts\enforce-roadmap-authority.ps1","167","Write-Host ""   docs/governance/ROADMAP_CURRENT.json"" -ForegroundColor Green"
"ROADMAP_CURRENT","CI",".github\scripts\governance-guard.ps1","40","'docs/governance/ROADMAP_CURRENT.json',"
"ROADMAP_CURRENT","CI",".github\workflows\autopilot-roadmap.yml","20","- run: python scripts/resolve_next_action.py --manifest docs/governance/ROADMAP_CURRENT.json --check --write"
"ROADMAP_CURRENT","CI",".github\workflows\autopilot-roadmap.yml","21","- run: python scripts/resolve_next_action.py --manifest docs/governance/ROADMAP_CURRENT.json --lookahead 33 --write"
"ROADMAP_CURRENT","CI",".github\workflows\autopilot-roadmap.yml","25","git add docs/governance/ROADMAP_CURRENT.json docs/governance/NEXT_ACTIONS.json"
"ROADMAP_CURRENT","CI",".github\workflows\operational-roadmap.yml","6","- 'docs/governance/ROADMAP_CURRENT.json'"
"ROADMAP_CURRENT","CI",".github\workflows\operational-roadmap-enforcement.yml","5","- 'docs/governance/ROADMAP_CURRENT.json'"
"ROADMAP_CURRENT","CI",".github\workflows\roadmap-integrity.yml","6","- ""docs/governance/ROADMAP_CURRENT.json"""
"ROADMAP_CURRENT","CI",".github\workflows\roadmap-integrity.yml","13","- ""docs/governance/ROADMAP_CURRENT.json"""
"ROADMAP_CURRENT","CI",".github\workflows\roadmap-integrity.yml","40","python -c ""import json,sys; d=json.load(open('docs/governance/ROADMAP_CURRENT.json',encoding='utf-8')); v=d.get('authority',{}).get('source') or d.get('source_of_truth'); print('source_of_truth =', v); sys.exit(0 if v=='repository_files_only' else 1)"""
"ROADMAP_CURRENT","GOVERNANCE_DOC","docs\governance\CANONICAL_ROADMAP_DECLARATION.md","5","Canonical machine-readable roadmap state: `ROADMAP_CURRENT.json`"
"ROADMAP_CURRENT","GOVERNANCE_DOC","docs\governance\CANONICAL_ROADMAP_DECLARATION.md","15","- Machine-readable active roadmap state: `ROADMAP_CURRENT.json`"
"ROADMAP_CURRENT","GOVERNANCE_DOC","docs\governance\CANONICAL_ROADMAP_DECLARATION.md","22","1. `ROADMAP_CURRENT.json` is the active machine-readable roadmap state."
"ROADMAP_CURRENT","GOVERNANCE_DOC","docs\governance\DECISION_MATRIX.json","3","""source_of_truth"": ""docs/governance/ROADMAP_CURRENT.json"","
"ROADMAP_CURRENT","GOVERNANCE_DOC","docs\governance\DECISION_MATRIX.md","5","- Source of truth: `docs/governance/ROADMAP_CURRENT.json`"
"ROADMAP_CURRENT","GOVERNANCE_DOC","docs\governance\gate-audit-log.txt","3","""canonical_machine"": ""ROADMAP_CURRENT.json"","
"ROADMAP_CURRENT","GOVERNANCE_DOC","docs\governance\GOVERNANCE_DOCUMENTS_MANIFEST.json","4","""docs/governance/ROADMAP_CURRENT.json"","
"ROADMAP_CURRENT","GOVERNANCE_DOC","docs\governance\HANDOFF_MCP03.md","60","- `ROADMAP_CURRENT.json`"
"ROADMAP_CURRENT","GOVERNANCE_DOC","docs\governance\MCP03_INVARIANTS.md","12","`docs/governance/ROADMAP_CURRENT.json` in the same commit, and vice versa."
"ROADMAP_CURRENT","GOVERNANCE_DOC","docs\governance\MCP03_INVARIANTS.md","27","**Statement:** `ROADMAP_CANONICAL.md` is the sole source of truth; `ROADMAP_CURRENT.json` MUST be a derived, valid artifact."
"ROADMAP_CURRENT","GOVERNANCE_DOC","docs\governance\PROJECT_UNITY_AUDIT.md","10","- **Canonical Roadmap:** docs/governance/ROADMAP_CURRENT.json"
"ROADMAP_CURRENT","GOVERNANCE_DOC","docs\governance\REPOSITORY_TRUTH.md","24","3. ROADMAP_CURRENT.json"
"ROADMAP_CURRENT","GOVERNANCE_DOC","docs\governance\REPOSITORY_TRUTH.md","38","`ROADMAP_CURRENT.json` is the machine-readable active roadmap state."
"ROADMAP_CURRENT","CANONICAL_HUMAN_ROADMAP","docs\governance\ROADMAP_CANONICAL.md","3","Canonical machine source: `ROADMAP_CURRENT.json`"
"ROADMAP_CURRENT","CANONICAL_HUMAN_ROADMAP","docs\governance\ROADMAP_CANONICAL.md","11","Canonical machine source: `ROADMAP_CURRENT.json`"
"ROADMAP_CURRENT","CANONICAL_HUMAN_ROADMAP","docs\governance\ROADMAP_CANONICAL.md","24","- `docs/governance/ROADMAP_CURRENT.json` is the canonical machine-readable roadmap authority for operational consumption, but it is generated from this file and must remain a semantically equivalent machine-readable projection of this canonical authority."
"ROADMAP_CURRENT","GOVERNANCE_DOC","docs\governance\ROADMAP_CONSTITUTION.md","7","- ROADMAP_CURRENT.json is the active machine-readable roadmap state"
"ROADMAP_CURRENT","CANONICAL_MACHINE_ROADMAP","docs\governance\ROADMAP_CURRENT.json","49","""ROADMAP_CURRENT.json"","
"ROADMAP_CURRENT","CANONICAL_MACHINE_ROADMAP","docs\governance\ROADMAP_CURRENT.json","283","""ROADMAP_CURRENT.json"","
"ROADMAP_CURRENT","CANONICAL_MACHINE_ROADMAP","docs\governance\ROADMAP_CURRENT.json","413","""ROADMAP_CURRENT.json is regenerated and validates successfully"""
"ROADMAP_CURRENT","CANONICAL_MACHINE_ROADMAP","docs\governance\ROADMAP_CURRENT.json","444","""ROADMAP_CURRENT.json"""
"ROADMAP_CURRENT","CANONICAL_MACHINE_ROADMAP","docs\governance\ROADMAP_CURRENT.json","470","""ROADMAP_CURRENT.json"""
"ROADMAP_CURRENT","CANONICAL_MACHINE_ROADMAP","docs\governance\ROADMAP_CURRENT.json","496","""ROADMAP_CURRENT.json"""
"ROADMAP_CURRENT","CANONICAL_MACHINE_ROADMAP","docs\governance\ROADMAP_CURRENT.json","522","""ROADMAP_CURRENT.json"""
"ROADMAP_CURRENT","CANONICAL_MACHINE_ROADMAP","docs\governance\ROADMAP_CURRENT.json","548","""ROADMAP_CURRENT.json"""
"ROADMAP_CURRENT","CANONICAL_MACHINE_ROADMAP","docs\governance\ROADMAP_CURRENT.json","574","""ROADMAP_CURRENT.json"""
"ROADMAP_CURRENT","CANONICAL_MACHINE_ROADMAP","docs\governance\ROADMAP_CURRENT.json","600","""ROADMAP_CURRENT.json"""
"ROADMAP_CURRENT","CANONICAL_MACHINE_ROADMAP","docs\governance\ROADMAP_CURRENT.json","626","""ROADMAP_CURRENT.json"""
"ROADMAP_CURRENT","CANONICAL_MACHINE_ROADMAP","docs\governance\ROADMAP_CURRENT.json","652","""ROADMAP_CURRENT.json"""
"ROADMAP_CURRENT","GOVERNANCE_DOC","docs\governance\ROADMAP_CURRENT.json.RETIRED.txt","3","archive: G:\s43_work\s43_g11_work\.roadmap_archive\20260629_231425\docs\governance\ROADMAP_CURRENT.json"
"ROADMAP_CURRENT","GOVERNANCE_DOC","docs\governance\ROADMAP_MANIFEST.json","7","""docs/governance/ROADMAP_CURRENT.json"","
"ROADMAP_CURRENT","GOVERNANCE_DOC","docs\governance\RUNBOOK-OPTION-A-RESTORE-20260728-051917.md","19","- `docs/governance/ROADMAP_CURRENT.json`"
"ROADMAP_CURRENT","GOVERNANCE_DOC","docs\governance\SOURCE_OF_TRUTH_HIERARCHY.md","14","8. `ROADMAP_CURRENT.json`"
"ROADMAP_CURRENT","GOVERNANCE_DOC","docs\governance\SOURCE_OF_TRUTH_HIERARCHY.md","44","`ROADMAP_CURRENT.json` is the active machine-readable roadmap state."
"ROADMAP_CURRENT","GOVERNANCE_DOC","docs\governance\SOURCE_OF_TRUTH_HIERARCHY.md","48","`ROADMAP.md`, `docs/ROADMAP.md`, and `docs/roadmap/roadmap.index.json` are derivative, index, or public-facing views. They must remain synchronized with canonical roadmap truth but must never override `ROADMAP_CURRENT.json` or `ROADMAP_CANONICAL.md`."
"ROADMAP_CURRENT","SCRIPT_SUPPORT","scripts\atomic_roadmap_writer.py","12","ROADMAP_PATH = Path(""docs/governance/ROADMAP_CURRENT.json"")"
"ROADMAP_CURRENT","SCRIPT_SUPPORT","scripts\atomic_roadmap_writer.py","44","backup_path = BACKUP_DIR / f""ROADMAP_CURRENT_{timestamp}.json"""
"ROADMAP_CURRENT","SCRIPT_SUPPORT","scripts\atomic_roadmap_writer.py","46","backups = sorted(BACKUP_DIR.glob(""ROADMAP_CURRENT_*.json""))"
"ROADMAP_CURRENT","SCRIPT_SUPPORT","scripts\check_evidence_gate.py","4","ROADMAP = Path('docs/governance/ROADMAP_CURRENT.json')"
"ROADMAP_CURRENT","SCRIPT_SUPPORT","scripts\collect-roadmap-runtime-evidence.ps1","59","""docs/governance/ROADMAP_CURRENT.json"","
"ROADMAP_CURRENT","SCRIPT_SUPPORT","scripts\collect-roadmap-runtime-evidence.ps1","121","$terms = @(""HOLD"",""HOLD_ACTIVE"",""CONTROLLED_BLOCKED"",""CONTRACT_MISMATCH"",""BLOCKED"",""forbidden_actions"",""allowed_actions"",""unblock"",""exit_criteria"",""stale"",""authority"",""shadow authority"",""NEXT_ACTION"",""STATUS_CLASSIFICATION"",""ROADMAP_CURRENT"",""COMMERCIAL_READINESS_STATE"")"
"ROADMAP_CURRENT","SCRIPT_SUPPORT","scripts\collect-roadmap-runtime-evidence.ps1","193","roadmap_current_exists = (Test-Path ""docs/governance/ROADMAP_CURRENT.json"")"
"ROADMAP_CURRENT","SCRIPT_SUPPORT","scripts\reject-roadmap-shadow-authorities.ps1","4","""ROADMAP_CURRENT.json"","
"ROADMAP_CURRENT","SCRIPT_SUPPORT","scripts\reject-roadmap-shadow-authorities.ps1","8","""AUDIT/ROADMAP_CURRENT.json"","
"ROADMAP_CURRENT","SCRIPT_SUPPORT","scripts\reject-roadmap-shadow-authorities.ps1","9","""AUDIT/ROADMAP_CURRENT.md"""
"ROADMAP_CURRENT","SCRIPT_SUPPORT","scripts\repair-roadmap-authority.ps1","11","(Test-Path (Join-Path $current ""ROADMAP_CURRENT.json"")) -or"
"ROADMAP_CURRENT","SCRIPT_SUPPORT","scripts\repair-roadmap-authority.ps1","149","Canonical machine authority: ROADMAP_CURRENT.json"
"ROADMAP_CURRENT","SCRIPT_SUPPORT","scripts\repair-roadmap-authority.ps1","196","canonical_machine: ROADMAP_CURRENT.json"
"ROADMAP_CURRENT","SCRIPT_SUPPORT","scripts\repair-roadmap-authority.ps1","262","$obj | Add-Member -NotePropertyName ""derived_machine_reference"" -NotePropertyValue ""ROADMAP_CURRENT.json"" -Force"
"ROADMAP_CURRENT","SCRIPT_SUPPORT","scripts\repair-roadmap-authority.ps1","318","$json | Add-Member -NotePropertyName ""machine_readable_state"" -NotePropertyValue ""ROADMAP_CURRENT.json"" -Force"
"ROADMAP_CURRENT","SCRIPT_SUPPORT","scripts\repair-roadmap-authority.ps1","352","$text = $text -replace '(?im)^\s*canonical\s*:.*$', 'canonical: ROADMAP_CURRENT.json'"
"ROADMAP_CURRENT","SCRIPT_SUPPORT","scripts\repair-roadmap-authority.ps1","353","$text = $text -replace '(?im)^\s*source_of_truth\s*:.*$', 'source_of_truth: ROADMAP_CURRENT.json'"
"ROADMAP_CURRENT","SCRIPT_SUPPORT","scripts\repair-roadmap-authority.ps1","368","$text += ""`ncanonical: ROADMAP_CURRENT.json"""
"ROADMAP_CURRENT","SCRIPT_SUPPORT","scripts\repair-roadmap-authority.ps1","412","$canonicalMachine = Join-Path $repoRoot ""ROADMAP_CURRENT.json"""
"ROADMAP_CURRENT","CORE_RUNTIME_RESOLVER","scripts\resolve_next_action.py","11","DEFAULT_ROADMAP = Path(""docs/governance/ROADMAP_CURRENT.json"")"
"ROADMAP_CURRENT","SCRIPT_SUPPORT","scripts\roadmap_generator.py","4","Generates ROADMAP_CURRENT.json from repository phase documents."
"ROADMAP_CURRENT","SCRIPT_SUPPORT","scripts\roadmap_generator.py","14","""""""Generate ROADMAP_CURRENT.json with all required validation fields."""""""
"ROADMAP_CURRENT","SCRIPT_SUPPORT","scripts\roadmap_generator.py","71","repo_root / ""docs"" / ""governance"" / ""ROADMAP_CURRENT.json"""
"ROADMAP_CURRENT","SCRIPT_SUPPORT","scripts\roadmap_generator.py","87","print(""Generating ROADMAP_CURRENT.json..."")"
"ROADMAP_CURRENT","CORE_GUARD","scripts\roadmap_guard.py","6","ROADMAP_PATH = Path(""docs/governance/ROADMAP_CURRENT.json"")"
"ROADMAP_CURRENT","SCRIPT_SUPPORT","scripts\test-roadmap.ps1","24","if (-not (Test-Path ""docs/governance/ROADMAP_CURRENT.json"")) {"
"ROADMAP_CURRENT","SCRIPT_SUPPORT","scripts\test-roadmap.ps1","25","throw ""ROADMAP_CURRENT.json not found."""
"ROADMAP_CURRENT","SCRIPT_SUPPORT","scripts\test-roadmap.ps1","47","$roadmap = Get-Content -Raw ""docs/governance/ROADMAP_CURRENT.json"" | ConvertFrom-Json"
"ROADMAP_CURRENT","SCRIPT_SUPPORT","scripts\test-roadmap.ps1","51","throw ""PHASE_42_05_DEPENDS_ON_HEADER_PARSING_HARDENING.md not found in ROADMAP_CURRENT.json."""
"ROADMAP_CURRENT","SCRIPT_SUPPORT","scripts\test-roadmap.ps1","60","git diff --exit-code -- docs/governance/ROADMAP_CURRENT.json"
"ROADMAP_CURRENT","SCRIPT_SUPPORT","scripts\test-roadmap.ps1","62","throw ""Generated ROADMAP_CURRENT.json has uncommitted changes. Run scripts/update-roadmap.ps1 and commit the result."""
"ROADMAP_CURRENT","SCRIPT_SUPPORT","scripts\test-roadmap.ps1","68","$emptyDependsRoadmapPath = Join-Path (Join-Path $PSScriptRoot "".."") ""docs/governance/ROADMAP_CURRENT.json"""
"ROADMAP_CURRENT","SCRIPT_SUPPORT","scripts\test-roadmap.ps1","92","throw ""Temporary empty Depends On phase was not generated into ROADMAP_CURRENT.json."""
"ROADMAP_CURRENT","SCRIPT_SUPPORT","scripts\test-roadmap.ps1","110","$labelDependsRoadmapPath = Join-Path (Join-Path $PSScriptRoot "".."") ""docs/governance/ROADMAP_CURRENT.json"""
"ROADMAP_CURRENT","SCRIPT_SUPPORT","scripts\test-roadmap.ps1","135","throw ""Temporary label Depends On phase was not generated into ROADMAP_CURRENT.json."""
"ROADMAP_CURRENT","SCRIPT_SUPPORT","scripts\test-roadmap.ps1","155","$filenameDependsRoadmapPath = Join-Path (Join-Path $PSScriptRoot "".."") ""docs/governance/ROADMAP_CURRENT.json"""
"ROADMAP_CURRENT","SCRIPT_SUPPORT","scripts\test-roadmap.ps1","180","throw ""Temporary filename Depends On phase was not generated into ROADMAP_CURRENT.json."""
"ROADMAP_CURRENT","SCRIPT_SUPPORT","scripts\test-roadmap.ps1","199","$trimmedFilenameDependsRoadmapPath = Join-Path (Join-Path $PSScriptRoot "".."") ""docs/governance/ROADMAP_CURRENT.json"""
"ROADMAP_CURRENT","SCRIPT_SUPPORT","scripts\test-roadmap.ps1","224","throw ""Temporary trimmed filename Depends On phase was not generated into ROADMAP_CURRENT.json."""
"ROADMAP_CURRENT","SCRIPT_SUPPORT","scripts\test-roadmap.ps1","243","$mixedDependsRoadmapPath = Join-Path (Join-Path $PSScriptRoot "".."") ""docs/governance/ROADMAP_CURRENT.json"""
"ROADMAP_CURRENT","SCRIPT_SUPPORT","scripts\test-roadmap.ps1","271","throw ""Temporary mixed Depends On phase was not generated into ROADMAP_CURRENT.json."""
"ROADMAP_CURRENT","SCRIPT_SUPPORT","scripts\test-roadmap.ps1","296","$semicolonDependsRoadmapPath = Join-Path (Join-Path $PSScriptRoot "".."") ""docs/governance/ROADMAP_CURRENT.json"""
"ROADMAP_CURRENT","SCRIPT_SUPPORT","scripts\test-roadmap.ps1","324","throw ""Temporary semicolon Depends On phase was not generated into ROADMAP_CURRENT.json."""
"ROADMAP_CURRENT","SCRIPT_SUPPORT","scripts\test-roadmap.ps1","349","$dependsRoadmapPath = Join-Path (Join-Path $PSScriptRoot "".."") ""docs/governance/ROADMAP_CURRENT.json"""
"ROADMAP_CURRENT","SCRIPT_SUPPORT","scripts\test-roadmap.ps1","401","$roadmapPath = Join-Path (Join-Path $PSScriptRoot "".."") ""docs/governance/ROADMAP_CURRENT.json"""
"ROADMAP_CURRENT","SCRIPT_SUPPORT","scripts\test-roadmap.ps1","441","$roadmapPath = Join-Path $repoRoot ""docs/governance/ROADMAP_CURRENT.json"""
"ROADMAP_CURRENT","SCRIPT_SUPPORT","scripts\test-roadmap.ps1","473","$trimStatusRoadmapPath = Join-Path (Join-Path $PSScriptRoot "".."") ""docs/governance/ROADMAP_CURRENT.json"""
"ROADMAP_CURRENT","SCRIPT_SUPPORT","scripts\test-roadmap.ps1","496","throw ""Temporary trimmed Status phase was not generated into ROADMAP_CURRENT.json."""
"ROADMAP_CURRENT","SCRIPT_SUPPORT","scripts\test-roadmap.ps1","514","$trimPriorityRoadmapPath = Join-Path (Join-Path $PSScriptRoot "".."") ""docs/governance/ROADMAP_CURRENT.json"""
"ROADMAP_CURRENT","SCRIPT_SUPPORT","scripts\test-roadmap.ps1","536","throw ""Temporary trimmed Priority phase was not generated into ROADMAP_CURRENT.json."""
"ROADMAP_CURRENT","SCRIPT_SUPPORT","scripts\test-roadmap.ps1","554","$trimOwnerRoadmapPath = Join-Path (Join-Path $PSScriptRoot "".."") ""docs/governance/ROADMAP_CURRENT.json"""
"ROADMAP_CURRENT","SCRIPT_SUPPORT","scripts\test-roadmap.ps1","576","throw ""Temporary trimmed Owner phase was not generated into ROADMAP_CURRENT.json."""
"ROADMAP_CURRENT","SCRIPT_SUPPORT","scripts\test-roadmap.ps1","594","$trimDocumentationOnlyRoadmapPath = Join-Path (Join-Path $PSScriptRoot "".."") ""docs/governance/ROADMAP_CURRENT.json"""
"ROADMAP_CURRENT","SCRIPT_SUPPORT","scripts\test-roadmap.ps1","616","throw ""Temporary trimmed Documentation Only phase was not generated into ROADMAP_CURRENT.json."""
"ROADMAP_CURRENT","SCRIPT_SUPPORT","scripts\test-roadmap.ps1","640","$documentationOnlyYesRoadmapPath = Join-Path (Join-Path $PSScriptRoot "".."") ""docs/governance/ROADMAP_CURRENT.json"""
"ROADMAP_CURRENT","SCRIPT_SUPPORT","scripts\test-roadmap.ps1","662","throw ""Temporary Documentation Only Yes phase was not generated into ROADMAP_CURRENT.json."""
"ROADMAP_CURRENT","SCRIPT_SUPPORT","scripts\test-roadmap.ps1","697","$documentationOnlyNoRoadmapPath = Join-Path (Join-Path $PSScriptRoot "".."") ""docs/governance/ROADMAP_CURRENT.json"""
"ROADMAP_CURRENT","SCRIPT_SUPPORT","scripts\test-roadmap.ps1","719","throw ""Temporary Documentation Only No phase was not generated into ROADMAP_CURRENT.json."""
"ROADMAP_CURRENT","SCRIPT_SUPPORT","scripts\update-roadmap.ps1","691","$outputPath = [System.IO.Path]::GetFullPath((Join-Path $PSScriptRoot ""..\docs\governance\ROADMAP_CURRENT.json""))"
"ROADMAP_CURRENT","SCRIPT_SUPPORT","scripts\update-roadmap.ps1","774","Write-Host ""docs/governance/ROADMAP_CURRENT.json regenerated from PHASE_*.md files"""
"ROADMAP_CURRENT","SCRIPT_SUPPORT","scripts\validate_mcp03_invariants.py","8","CURRENT = GOV / ""ROADMAP_CURRENT.json"""
"ROADMAP_CURRENT","SCRIPT_SUPPORT","scripts\validate_mcp03_invariants.py","18","js = ""docs/governance/ROADMAP_CURRENT.json"" in changed"
"ROADMAP_CURRENT","SCRIPT_SUPPORT","scripts\validate_mcp03_invariants.py","47","print(f""  FAIL: ROADMAP_CURRENT.json invalid: {e}"")"
"ROADMAP_CURRENT","SCRIPT_SUPPORT","scripts\validate-roadmap.ps1","2","[string]$Path = (Join-Path (Join-Path $PSScriptRoot "".."") ""docs/governance/ROADMAP_CURRENT.json"")"
"ROADMAP_CURRENT","SCRIPT_SUPPORT","scripts\validate-roadmap.ps1","103","Fail ""ROADMAP_CURRENT.json is required but was not found: $Path"""
"ROADMAP_CURRENT","SCRIPT_SUPPORT","scripts\validate-roadmap.ps1","109","Fail (""ROADMAP_CURRENT.json parse failed: "" + $PSItem.Exception.Message)"
"ROADMAP_CURRENT","SCRIPT_SUPPORT","scripts\validate-roadmap.ps1","126","Assert-Property -Object $json -Name $field -Scope ""docs/governance/ROADMAP_CURRENT.json"""
"ROADMAP_CURRENT","SCRIPT_SUPPORT","scripts\validate-roadmap.ps1","130","Fail ""ROADMAP_CURRENT.json schema_version must be `""2.0`""."""
"ROADMAP_CURRENT","SCRIPT_SUPPORT","scripts\validate-roadmap.ps1","134","Fail ""ROADMAP_CURRENT.json roadmap_version must be `""current`""."""
"ROADMAP_CURRENT","SCRIPT_SUPPORT","scripts\validate-roadmap.ps1","278","Write-Host ""ROADMAP_CURRENT.json schema validation passed"""
"ROADMAP_CURRENT","SCRIPT_SUPPORT","scripts\validate-roadmap-authority.ps1","9","$current = Join-Path $repoRoot 'docs/governance/ROADMAP_CURRENT.json'"
"ROADMAP_CURRENT","SCRIPT_SUPPORT","scripts\validate-roadmap-authority.ps1","46","Fail ""Operational roadmap must not claim authority: phrase '$phrase' found in docs/governance/ROADMAP_CURRENT.json"""
"ROADMAP_CURRENT","SCRIPT_SUPPORT","scripts\verify-roadmap-smoke.ps1","21","$roadmapPath = Join-Path $repoRoot ""docs\governance\ROADMAP_CURRENT.json"""
"ROADMAP_CURRENT","SCRIPT_SUPPORT","scripts\verify-roadmap-smoke.ps1","23","throw ""ROADMAP_CURRENT.json not found at $roadmapPath"""
"ROADMAP_CURRENT","SCRIPT_SUPPORT","scripts\verify-roadmap-smoke.ps1","31","throw ""ROADMAP_CURRENT.json parsed but has no top-level properties"""
"ROADMAP_CURRENT","SCRIPT_SUPPORT","scripts\verify-roadmap-smoke.ps1","43","throw (""ROADMAP_CURRENT.json missing expected collection property. Found: "" + ($props -join "", ""))"
"ROADMAP_CURRENT","SCRIPT_SUPPORT","scripts\verify-roadmap-smoke.ps1","48","throw ""ROADMAP_CURRENT.json property '$phaseLikeProperty' is empty"""
"ROADMAP_CURRENT","SCRIPT_SUPPORT","scripts\verify-roadmap-smoke.ps1","53","throw ""ROADMAP_CURRENT.json missing required property '$requiredProp'"""
"ROADMAP_CURRENT","TEST","tests\test_project_constitution_pack.py","62","(ROOT / ""docs/governance/ROADMAP_CURRENT.json"").read_text(encoding=""utf-8"")"
"ROADMAP_CURRENT","TEST","tests\test_roadmap_governance.py","23","assert payload[""machine_readable_state""] == ""docs/governance/ROADMAP_CURRENT.json"""
"ROADMAP_CURRENT","TEST","tests\test_roadmap_governance.py","46","""`ROADMAP_CURRENT.json`"","
"ROADMAP_CURRENT","TEST","tests\test_roadmap_integrity.py","4","CANONICAL_ROADMAP = os.path.join(""docs"", ""governance"", ""ROADMAP_CURRENT.json"")"
"ROADMAP_CURRENT","TEST","tests\test_roadmap_integrity.py","16","if ""ROADMAP_CURRENT.json"" in files:"
"ROADMAP_CURRENT","TEST","tests\test_roadmap_integrity.py","17","current_path = os.path.join(root, ""ROADMAP_CURRENT.json"")"
"ROADMAP_CURRENT","GOVERNANCE_VALIDATOR","tools\governance\roadmap_truth_check.py","7","CANONICAL_DIR / ""ROADMAP_CURRENT.json"","
"ROADMAP_CURRENT","GOVERNANCE_VALIDATOR","tools\governance\roadmap_truth_check.py","20","data = json.loads((CANONICAL_DIR / ""ROADMAP_CURRENT.json"").read_text(encoding=""utf-8""))"
"ROADMAP_CURRENT","GOVERNANCE_VALIDATOR","tools\governance\roadmap_truth_check.py","22","print(""[FAIL] docs/governance/ROADMAP_CURRENT.json integrity violation."", file=sys.stderr)"
"ROADMAP_CURRENT","GOVERNANCE_VALIDATOR","tools\governance\validate_roadmap_authority.py","11","CANONICAL_MACHINE = REPO_ROOT / ""docs"" / ""governance"" / ""ROADMAP_CURRENT.json"""
"ROADMAP_CURRENT","GOVERNANCE_VALIDATOR","tools\governance\validate_roadmap_authority.py","83","if ""Canonical machine source: `ROADMAP_CURRENT.json`"" not in human_text:"
"ROADMAP_CURRENT","GOVERNANCE_VALIDATOR","tools\governance\validate_roadmap_authority.py","84","errors.append(""canonical human metadata does not reference ROADMAP_CURRENT.json"")"
"ROADMAP_CURRENT","GOVERNANCE_VALIDATOR","tools\governance\validate_roadmap_authority.py","86","errors.append(""canonical human metadata SHA256 does not match ROADMAP_CURRENT.json"")"
"ROADMAP_CURRENT","GOVERNANCE_VALIDATOR","tools\governance\validate_roadmap_authority.py","93","if ""ROADMAP_CURRENT.json"" not in text:"
"ROADMAP_CURRENT","GOVERNANCE_VALIDATOR","tools\governance\validate_roadmap_authority.py","94","errors.append(f""authority doc missing ROADMAP_CURRENT.json reference: {path.relative_to(REPO_ROOT)}"")"
"STATUS_CLASSIFICATION","SCRIPT_SUPPORT","scripts\collect-roadmap-runtime-evidence.ps1","121","$terms = @(""HOLD"",""HOLD_ACTIVE"",""CONTROLLED_BLOCKED"",""CONTRACT_MISMATCH"",""BLOCKED"",""forbidden_actions"",""allowed_actions"",""unblock"",""exit_criteria"",""stale"",""authority"",""shadow authority"",""NEXT_ACTION"",""STATUS_CLASSIFICATION"",""ROADMAP_CURRENT"",""COMMERCIAL_READINESS_STATE"")"
"forbidden_actions","SCRIPT_SUPPORT","scripts\collect-roadmap-runtime-evidence.ps1","121","$terms = @(""HOLD"",""HOLD_ACTIVE"",""CONTROLLED_BLOCKED"",""CONTRACT_MISMATCH"",""BLOCKED"",""forbidden_actions"",""allowed_actions"",""unblock"",""exit_criteria"",""stale"",""authority"",""shadow authority"",""NEXT_ACTION"",""STATUS_CLASSIFICATION"",""ROADMAP_CURRENT"",""COMMERCIAL_READINESS_STATE"")"
"allowed_actions","SCRIPT_SUPPORT","scripts\collect-roadmap-runtime-evidence.ps1","121","$terms = @(""HOLD"",""HOLD_ACTIVE"",""CONTROLLED_BLOCKED"",""CONTRACT_MISMATCH"",""BLOCKED"",""forbidden_actions"",""allowed_actions"",""unblock"",""exit_criteria"",""stale"",""authority"",""shadow authority"",""NEXT_ACTION"",""STATUS_CLASSIFICATION"",""ROADMAP_CURRENT"",""COMMERCIAL_READINESS_STATE"")"
"NEXT_ACTION","CI",".github\scripts\governance-guard.ps1","36","'scripts/resolve_next_action.py',"
"NEXT_ACTION","CI",".github\scripts\governance-guard.ps1","55","& python scripts/resolve_next_action.py --help *> $null"
"NEXT_ACTION","CI",".github\workflows\autopilot-roadmap.yml","20","- run: python scripts/resolve_next_action.py --manifest docs/governance/ROADMAP_CURRENT.json --check --write"
"NEXT_ACTION","CI",".github\workflows\autopilot-roadmap.yml","21","- run: python scripts/resolve_next_action.py --manifest docs/governance/ROADMAP_CURRENT.json --lookahead 33 --write"
"NEXT_ACTION","CI",".github\workflows\autopilot-roadmap.yml","25","git add docs/governance/ROADMAP_CURRENT.json docs/governance/NEXT_ACTIONS.json"
"NEXT_ACTION","CI",".github\workflows\governance-enforcement.yml","29","test -f docs/NEXT_ACTIONS.md"
"NEXT_ACTION","GOVERNANCE_DOC","docs\governance\GOVERNANCE_BASELINE.md","26","- `docs/NEXT_ACTIONS.md`"
"NEXT_ACTION","GOVERNANCE_DOC","docs\governance\LOCK_REGISTRY.json","21","{ ""id"": ""LOCK-005"", ""name"": ""Next Actions Artifact Required"", ""category"": ""bootstrap"", ""enforced_by"": [""tests/test_governance_bootstrap.py""], ""severity"": ""critical"", ""reversible"": false, ""status"": ""active"", ""evidence_paths"": [""docs/NEXT_ACTIONS.md"", ""tests/test_governance_bootstrap.py""] },"
"NEXT_ACTION","GOVERNANCE_DOC","docs\governance\LOCK_REGISTRY.json","28","{ ""id"": ""LOCK-012"", ""name"": ""Self Discovery Without External Context"", ""category"": ""continuity"", ""enforced_by"": [""AGENTS.md"", ""docs/PROJECT_STATE.md"", ""docs/NEXT_ACTIONS.md""], ""severity"": ""critical"", ""reversible"": false, ""status"": ""active"", ""evidence_paths"": [""AGENTS.md"", ""docs/PROJECT_STATE.md"", ""docs/NEXT_ACTIONS.md""] }"
"NEXT_ACTION","GOVERNANCE_DOC","docs\governance\MCP03_INVARIANTS.md","17","**Statement:** For identical input state, `scripts/resolve_next_action.py` MUST produce identical output."
"NEXT_ACTION","CANONICAL_MACHINE_ROADMAP","docs\governance\ROADMAP_CURRENT.json","1873","""next_action"":  ""MCP03_INVARIANTS.md validated"""
"NEXT_ACTION","CANONICAL_MACHINE_ROADMAP","docs\governance\ROADMAP_CURRENT.json","1879","""next_action"":  ""Run full validator suite in pwsh 7"""
"NEXT_ACTION","GOVERNANCE_DOC","docs\governance\ROADMAP_MANIFEST.json","16","""name"": ""scripts/resolve_next_action.py"","
"NEXT_ACTION","GOVERNANCE_DOC","docs\governance\ROADMAP_MANIFEST.json","22","""current_next_action"": ""Mark phase Phase 31 Closure Review complete."","
"NEXT_ACTION","SCRIPT_SUPPORT","scripts\collect-roadmap-runtime-evidence.ps1","51","""scripts/resolve_next_action.py"","
"NEXT_ACTION","SCRIPT_SUPPORT","scripts\collect-roadmap-runtime-evidence.ps1","121","$terms = @(""HOLD"",""HOLD_ACTIVE"",""CONTROLLED_BLOCKED"",""CONTRACT_MISMATCH"",""BLOCKED"",""forbidden_actions"",""allowed_actions"",""unblock"",""exit_criteria"",""stale"",""authority"",""shadow authority"",""NEXT_ACTION"",""STATUS_CLASSIFICATION"",""ROADMAP_CURRENT"",""COMMERCIAL_READINESS_STATE"")"
"NEXT_ACTION","SCRIPT_SUPPORT","scripts\collect-roadmap-runtime-evidence.ps1","192","resolver_file_exists = (Test-Path ""scripts/resolve_next_action.py"")"
"NEXT_ACTION","CORE_RUNTIME_RESOLVER","scripts\resolve_next_action.py","123","""current_next_action"": ""Missing or invalid phases array."","
"NEXT_ACTION","CORE_RUNTIME_RESOLVER","scripts\resolve_next_action.py","141","""current_next_action"": ""No remaining roadmap actions."","
"NEXT_ACTION","CORE_RUNTIME_RESOLVER","scripts\resolve_next_action.py","154","""current_next_action"": f""Phase {phase_title} has invalid tasks field."","
"NEXT_ACTION","CORE_RUNTIME_RESOLVER","scripts\resolve_next_action.py","174","""current_next_action"": f""Mark phase {phase_title} complete."","
"NEXT_ACTION","CORE_RUNTIME_RESOLVER","scripts\resolve_next_action.py","189","action = norm_scalar(task.get(""next_action"") or task.get(""description"") or task_title)"
"NEXT_ACTION","CORE_RUNTIME_RESOLVER","scripts\resolve_next_action.py","195","""current_next_action"": action,"
"NEXT_ACTION","CORE_RUNTIME_RESOLVER","scripts\resolve_next_action.py","229","return {""current_phase"": phase, ""current_task"": task, ""current_next_action"": action}"
"NEXT_ACTION","CORE_RUNTIME_RESOLVER","scripts\resolve_next_action.py","248","out.append(str(res.get(""current_next_action"","""")))"
"NEXT_ACTION","CORE_RUNTIME_RESOLVER","scripts\resolve_next_action.py","293","f""{result.get('current_next_action','')}\n"""
"NEXT_ACTION","CORE_RUNTIME_RESOLVER","scripts\resolve_next_action.py","301","""name"": ""scripts/resolve_next_action.py"","
"NEXT_ACTION","CORE_RUNTIME_RESOLVER","scripts\resolve_next_action.py","307","""current_next_action"": result.get(""current_next_action"", """"),"
"NEXT_ACTION","CORE_RUNTIME_RESOLVER","scripts\resolve_next_action.py","323","""current_next_action"": norm_scalar(result.get(""current_next_action"")),"
"NEXT_ACTION","SCRIPT_SUPPORT","scripts\validate_mcp03_invariants.py","25","cmd = [sys.executable, str(ROOT / ""scripts"" / ""resolve_next_action.py"")]"
"NEXT_ACTION","TEST","tests\test_governance_32_canonical.py","22","""NEXT_ACTIONS.md"","
"NEXT_ACTION","TEST","tests\test_governance_32_canonical.py","29","""tools/generate_next_actions.py"","
"NEXT_ACTION","TEST","tests\test_governance_bootstrap.py","11","""docs/NEXT_ACTIONS.md"","
"NEXT_ACTION","TEST","tests\test_governance_bootstrap.py","43","def test_roadmap_and_next_actions_exist_with_expected_markers():"
"NEXT_ACTION","TEST","tests\test_governance_bootstrap.py","45","nxt = read_text(""docs/NEXT_ACTIONS.md"")"
"NEXT_ACTION","TEST","tests\test_resolve_next_action.py","10","SCRIPT_PATH / ""scripts"" / ""resolve_next_action.py"","
"NEXT_ACTION","TEST","tests\test_resolve_next_action.py","11","SCRIPT_PATH.parent / ""scripts"" / ""resolve_next_action.py"","
"NEXT_ACTION","TEST","tests\test_resolve_next_action.py","19","""scripts.resolve_next_action"", str(candidate)"
"NEXT_ACTION","TEST","tests\test_resolve_next_action.py","22","sys.modules[""scripts.resolve_next_action""] = mod"
"NEXT_ACTION","TEST","tests\test_resolve_next_action.py","25","raise FileNotFoundError(""scripts/resolve_next_action.py not found"")"
"BLOCKED","GOVERNANCE_DOC","docs\governance\ARCHIVE-DECISION-NOTE-OPTION-A.md","17","- repository remains controlled blocked"
"BLOCKED","GOVERNANCE_DOC","docs\governance\ARCHIVE-DECISION-NOTE-OPTION-A.md","18","- rerun or mutation remains blocked pending contract mismatch resolution"
"BLOCKED","GOVERNANCE_DOC","docs\governance\EXECUTIVE_DECISION_LOG.md","9","Engineering and governance posture are strong, but commercial/release sign-off remains blocked by an evidence integrity gap. Current repository evidence is not yet sufficiently reproducible, reviewable, and audit-ready for final assurance."
"BLOCKED","GOVERNANCE_DOC","docs\governance\FINAL-COORDINATION-OPTION-A-CONTROLLED-BLOCKED.md","1","# Final Coordination - Option A Controlled Blocked"
"BLOCKED","GOVERNANCE_DOC","docs\governance\FINAL-COORDINATION-OPTION-A-CONTROLLED-BLOCKED.md","13","- control_state: CONTROLLED_BLOCKED"
"BLOCKED","GOVERNANCE_DOC","docs\governance\FINAL-COORDINATION-OPTION-A-CONTROLLED-BLOCKED.md","18","- rerun_state: BLOCKED"
"BLOCKED","GOVERNANCE_DOC","docs\governance\FINAL-COORDINATION-OPTION-A-CONTROLLED-BLOCKED.md","36","- pr_update_note: PR-UPDATE-OPTION-A-CONTROLLED-BLOCKED.md"
"BLOCKED","GOVERNANCE_DOC","docs\governance\FINAL-COORDINATION-OPTION-A-CONTROLLED-BLOCKED.md","43","- Functional continuation is blocked until CONTRACT_MISMATCH is resolved and governance authorization is renewed."
"BLOCKED","GOVERNANCE_DOC","docs\governance\FINAL-COORDINATION-OPTION-A-CONTROLLED-BLOCKED.md","44","- Review coordination may proceed using the recorded governance trail and this final controlled-blocked status."
"BLOCKED","GOVERNANCE_DOC","docs\governance\FINAL-COORDINATION-OPTION-A-CONTROLLED-BLOCKED.md","52","- Repository remains CONTROLLED_BLOCKED."
"BLOCKED","GOVERNANCE_DOC","docs\governance\HANDOFF_MCP03.md","223","- invalid transitions are rejected or blocked"
"BLOCKED","GOVERNANCE_DOC","docs\governance\HANDOFF-OPTION-A-STATE-20260728-053728.md","1","# Handoff Note - Option A Controlled Blocked State"
"BLOCKED","GOVERNANCE_DOC","docs\governance\HANDOFF-OPTION-A-STATE-20260728-053728.md","12","- control_state: CONTROLLED_BLOCKED"
"BLOCKED","GOVERNANCE_DOC","docs\governance\HANDOFF-OPTION-A-STATE-20260728-053728.md","36","- roadmap re-run: BLOCKED"
"BLOCKED","GOVERNANCE_DOC","docs\governance\PR-UPDATE-OPTION-A-CONTROLLED-BLOCKED.md","1","# PR Update - Option A Controlled Blocked State"
"BLOCKED","GOVERNANCE_DOC","docs\governance\PR-UPDATE-OPTION-A-CONTROLLED-BLOCKED.md","15","- Repository remains in CONTROLLED_BLOCKED state."
"BLOCKED","GOVERNANCE_DOC","docs\governance\PR-UPDATE-OPTION-A-CONTROLLED-BLOCKED.md","23","- control_state: CONTROLLED_BLOCKED"
"BLOCKED","GOVERNANCE_DOC","docs\governance\PR-UPDATE-OPTION-A-CONTROLLED-BLOCKED.md","40","- Review may proceed on governance trail and blocked-state clarity."
"BLOCKED","GOVERNANCE_DOC","docs\governance\ROADMAP_MANIFEST.json","23","""blocked_by"": []"
"BLOCKED","GOVERNANCE_DOC","docs\governance\safe-merge-required-check-registration.md","22","5. Confirm merge is blocked until the check passes."
"BLOCKED","SCRIPT_SUPPORT","scripts\collect-roadmap-runtime-evidence.ps1","121","$terms = @(""HOLD"",""HOLD_ACTIVE"",""CONTROLLED_BLOCKED"",""CONTRACT_MISMATCH"",""BLOCKED"",""forbidden_actions"",""allowed_actions"",""unblock"",""exit_criteria"",""stale"",""authority"",""shadow authority"",""NEXT_ACTION"",""STATUS_CLASSIFICATION"",""ROADMAP_CURRENT"",""COMMERCIAL_READINESS_STATE"")"
"BLOCKED","CORE_RUNTIME_RESOLVER","scripts\resolve_next_action.py","124","""blocked_by"": [],"
"BLOCKED","CORE_RUNTIME_RESOLVER","scripts\resolve_next_action.py","133","blocked_phases = [p for p in phase_candidates if p.get(""_unresolved"")]"
"BLOCKED","CORE_RUNTIME_RESOLVER","scripts\resolve_next_action.py","135","phase = pick(open_phases) or pick(blocked_phases)"
"BLOCKED","CORE_RUNTIME_RESOLVER","scripts\resolve_next_action.py","142","""blocked_by"": [],"
"BLOCKED","CORE_RUNTIME_RESOLVER","scripts\resolve_next_action.py","155","""blocked_by"": [],"
"BLOCKED","CORE_RUNTIME_RESOLVER","scripts\resolve_next_action.py","165","blocked_tasks = [t for t in task_candidates if t.get(""_unresolved"")]"
"BLOCKED","CORE_RUNTIME_RESOLVER","scripts\resolve_next_action.py","167","task = pick(open_tasks) or pick(blocked_tasks)"
"BLOCKED","CORE_RUNTIME_RESOLVER","scripts\resolve_next_action.py","175","""blocked_by"": phase.get(""_unresolved"", []),"
"BLOCKED","CORE_RUNTIME_RESOLVER","scripts\resolve_next_action.py","181","blocked_by = task.get(""_unresolved"", [])"
"BLOCKED","CORE_RUNTIME_RESOLVER","scripts\resolve_next_action.py","182","if blocked_by:"
"BLOCKED","CORE_RUNTIME_RESOLVER","scripts\resolve_next_action.py","183","status = ""BLOCKED"""
"BLOCKED","CORE_RUNTIME_RESOLVER","scripts\resolve_next_action.py","185","action = f""Resolve dependencies for {task_title}: {', '.join(blocked_by)}"""
"BLOCKED","CORE_RUNTIME_RESOLVER","scripts\resolve_next_action.py","196","""blocked_by"": blocked_by,"
"BLOCKED","CORE_RUNTIME_RESOLVER","scripts\resolve_next_action.py","308","""blocked_by"": result.get(""blocked_by"", []),"
"BLOCKED","CORE_GUARD","scripts\roadmap_guard.py","55","""deferred"", ""abandoned"", ""blocked"", ""not_applicable"","
"BLOCKED","TEST","tests\test_auto_pilot.py","63","assert result[""decision_status""] == ""blocked"""
"BLOCKED","TEST","tests\test_auto_pilot.py","64","assert result[""reason_codes""] == [""enforce_blocked_invalid_signal""]"
"BLOCKED","TEST","tests\test_auto_pilot.py","76","assert result[""decision_status""] == ""blocked"""
"BLOCKED","TEST","tests\test_commercial_controls_enforcement_pack_contract.py","53","""Commercially unsafe = blocked."","
"HOLD_ACTIVE","SCRIPT_SUPPORT","scripts\collect-roadmap-runtime-evidence.ps1","121","$terms = @(""HOLD"",""HOLD_ACTIVE"",""CONTROLLED_BLOCKED"",""CONTRACT_MISMATCH"",""BLOCKED"",""forbidden_actions"",""allowed_actions"",""unblock"",""exit_criteria"",""stale"",""authority"",""shadow authority"",""NEXT_ACTION"",""STATUS_CLASSIFICATION"",""ROADMAP_CURRENT"",""COMMERCIAL_READINESS_STATE"")"
